id,mean,std,median
inter_time_arrival,98.4987,157.94,20.3265
latency,0.517035,0.151489,0.486275
