id,mean,std,median
inter_time_arrival,498.575,1.71423,498.991
latency,1.08559,0.805928,0.757733
