id,mean,std,median
inter_time_arrival,499.913,1.04818,499.974
latency,1.91877,0.615787,1.99639
