id,mean,std,median
inter_time_arrival,1479.37,1114.31,1319.96
latency,0.678506,0.611608,0.43587
