id,mean,std,median
inter_time_arrival,1241.36,1404.87,500.09
latency,0.487709,0.300843,0.441142
