id,mean,std,median
inter_time_arrival,121.551,191.907,13.8294
latency,0.680269,0.321977,0.580867
