id,mean,std,median
inter_time_arrival,499.193,0.985219,499.389
latency,0.704169,0.0853953,0.681636
