id,mean,std,median
inter_time_arrival,534.442,298.476,499.972
latency,1.96527,0.696008,1.96914
