id,mean,std,median
inter_time_arrival,500.016,10.2566,499.898
latency,0.494954,0.287366,0.374421
