id,mean,std,median
inter_time_arrival,498.549,4.50613,499.108
latency,0.596807,0.229553,0.588397
