id,mean,std,median
inter_time_arrival,499.558,1.17376,499.64
latency,0.423504,0.38232,0.258744
