id,mean,std,median
inter_time_arrival,499.43,68.9449,499.891
latency,0.828479,0.766462,0.536513
