id,mean,std,median
inter_time_arrival,499.527,1.59102,499.697
latency,0.239224,0.100663,0.203417
