id,mean,std,median
inter_time_arrival,499.993,0.253359,500.025
latency,0.615059,0.175553,0.567195
