id,mean,std,median
inter_time_arrival,501.487,77.6727,499.391
latency,1.22584,0.405763,1.12804
