id,mean,std,median
inter_time_arrival,499.909,50.9165,499.988
latency,0.381877,0.276453,0.28525
