id,mean,std,median
inter_time_arrival,499.918,0.98323,499.977
latency,4.17205,0.630399,4.17163
