id,mean,std,median
inter_time_arrival,1087.11,1105.2,500.396
latency,0.557129,0.359078,0.467231
