id,mean,std,median
inter_time_arrival,499.983,0.363986,499.957
latency,0.783931,0.202328,0.79143
