id,mean,std,median
inter_time_arrival,499.946,3.23694,500.028
latency,2.55441,0.435802,2.57701
