id,mean,std,median
inter_time_arrival,121.634,190.314,13.375
latency,0.610117,0.385077,0.532515
