id,mean,std,median
inter_time_arrival,452.812,764.633,18.999
latency,0.854791,0.343468,0.749059
