id,mean,std,median
inter_time_arrival,499.982,0.351407,499.998
latency,0.475675,0.228512,0.40318
