id,mean,std,median
inter_time_arrival,122.968,205.699,5.76734
latency,0.272737,0.0723937,0.29533
