id,mean,std,median
inter_time_arrival,499.354,16.993,499.325
latency,0.947588,0.38566,0.876281
