id,mean,std,median
inter_time_arrival,499.834,0.446881,499.867
latency,0.608669,0.137374,0.577607
