id,mean,std,median
inter_time_arrival,499.982,0.504422,499.981
latency,2.15605,0.452707,2.09242
