id,mean,std,median
inter_time_arrival,123.498,198.035,6.39645
latency,0.656877,0.459396,0.488034
