id,mean,std,median
inter_time_arrival,499.488,0.834155,499.506
latency,1.16806,0.570548,1.14134
