id,mean,std,median
inter_time_arrival,500.057,0.378266,499.983
latency,0.641631,0.337392,0.509124
