id,mean,std,median
inter_time_arrival,290.521,246.183,498.742
latency,0.526391,0.216139,0.459019
