id,mean,std,median
inter_time_arrival,499.601,1.0212,499.624
latency,0.723726,0.185528,0.638051
