id,mean,std,median
inter_time_arrival,499.946,0.386268,500.009
latency,0.870298,0.291453,0.889314
