id,mean,std,median
inter_time_arrival,499.994,0.124469,499.992
latency,0.408863,0.0414226,0.41868
