id,mean,std,median
inter_time_arrival,499.983,0.308447,500.005
latency,0.808189,0.196003,0.740399
