id,mean,std,median
inter_time_arrival,517.828,143.205,499.839
latency,0.296809,0.194997,0.260892
