id,mean,std,median
inter_time_arrival,631.378,586.043,486.095
latency,3.36096,0.822397,3.09624
