id,mean,std,median
inter_time_arrival,499.85,0.240416,499.895
latency,0.195807,0.0775672,0.178215
