id,mean,std,median
inter_time_arrival,499.395,1.49171,499.701
latency,0.824318,0.331835,0.694277
