id,mean,std,median
inter_time_arrival,499.692,0.768754,499.82
latency,0.760547,0.291657,0.667973
