id,mean,std,median
inter_time_arrival,1428.41,1687.44,500.131
latency,0.339908,0.264322,0.28349
