id,mean,std,median
inter_time_arrival,499.973,0.40632,499.993
latency,0.973865,0.287303,0.893028
