id,mean,std,median
inter_time_arrival,1697.96,1633.99,1203.18
latency,0.276218,0.280525,0.113936
