id,mean,std,median
inter_time_arrival,500.014,0.35977,500.051
latency,0.80725,0.261663,0.78865
