id,mean,std,median
inter_time_arrival,499.969,16.3719,499.961
latency,0.63451,0.261181,0.541474
