id,mean,std,median
inter_time_arrival,1000.12,905.666,500.355
latency,0.362192,0.297808,0.148011
