id,mean,std,median
inter_time_arrival,499.972,0.385821,500.016
latency,0.92492,0.292772,0.91175
