id,mean,std,median
inter_time_arrival,499.965,0.405913,499.979
latency,1.37418,0.301221,1.3869
