id,mean,std,median
inter_time_arrival,499.967,0.456157,499.95
latency,0.534042,0.261928,0.455028
