id,mean,std,median
inter_time_arrival,498.715,19.7703,497.359
latency,1.27191,0.665355,0.99463
