id,mean,std,median
inter_time_arrival,571.397,247.492,500.024
latency,2.13186,0.465564,1.95947
