id,mean,std,median
inter_time_arrival,500.047,154.775,499.933
latency,1.33331,0.368506,1.44974
