id,mean,std,median
inter_time_arrival,499.973,0.194141,499.968
latency,0.522669,0.109175,0.503649
