id,mean,std,median
inter_time_arrival,499.67,1.29299,499.739
latency,0.868236,0.377845,0.682514
