id,mean,std,median
inter_time_arrival,499.977,0.406154,499.992
latency,0.712615,0.259098,0.61741
