id,mean,std,median
inter_time_arrival,852.752,658.517,500.452
latency,2.33226,0.773806,2.24859
