id,mean,std,median
inter_time_arrival,499.97,0.368986,499.996
latency,0.43836,0.198138,0.423579
