id,mean,std,median
inter_time_arrival,499.606,0.484269,499.527
latency,0.829396,0.282151,0.780282
