id,mean,std,median
inter_time_arrival,498.553,0.889476,498.585
latency,1.26282,0.455027,1.1464
