id,mean,std,median
inter_time_arrival,499.582,0.513161,499.7
latency,0.644983,0.332263,0.503414
