id,mean,std,median
inter_time_arrival,499.359,1.80826,499.242
latency,1.30244,0.701847,1.02935
