id,mean,std,median
inter_time_arrival,499.074,1.14171,499.059
latency,1.30218,0.531198,1.14151
