id,mean,std,median
inter_time_arrival,499.351,7.36346,499.646
latency,0.81876,0.436934,0.65117
