id,mean,std,median
inter_time_arrival,500.491,94.5658,499.851
latency,1.17678,0.382631,1.11286
