id,mean,std,median
inter_time_arrival,500.29,72.9097,500.015
latency,0.504016,0.171357,0.440291
