id,mean,std,median
inter_time_arrival,1697.95,1633.96,1203.26
latency,0.3253,0.341474,0.133231
