id,mean,std,median
inter_time_arrival,499.912,0.550592,500.001
latency,1.40843,0.378077,1.44605
