id,mean,std,median
inter_time_arrival,499.245,1.39539,499.447
latency,1.45565,0.780594,1.34106
