id,mean,std,median
inter_time_arrival,1034.43,1271.81,499.928
latency,1.17088,0.524608,1.13912
