id,mean,std,median
inter_time_arrival,499.979,0.2167,499.983
latency,0.697564,0.154731,0.648772
