id,mean,std,median
inter_time_arrival,500.013,0.49358,499.993
latency,1.16373,0.340237,1.08333
