id,mean,std,median
inter_time_arrival,499.964,0.176497,499.988
latency,0.469908,0.156278,0.426553
