id,mean,std,median
inter_time_arrival,499.426,1.34574,499.403
latency,1.23466,0.770556,0.860709
