id,mean,std,median
inter_time_arrival,499.09,88.9386,499.511
latency,0.364129,0.32945,0.216694
