id,mean,std,median
inter_time_arrival,499.983,0.163206,499.989
latency,0.561187,0.101817,0.538719
