id,mean,std,median
inter_time_arrival,499.213,28.1341,499.367
latency,0.643184,0.414466,0.532026
