id,mean,std,median
inter_time_arrival,499.945,0.307234,500.007
latency,1.14819,0.243644,1.08978
