id,mean,std,median
inter_time_arrival,499.467,0.576585,499.467
latency,0.68505,0.30584,0.55784
