id,mean,std,median
inter_time_arrival,499.685,0.524594,499.858
latency,0.840556,0.22025,0.863247
