id,mean,std,median
inter_time_arrival,500.381,8.74703,500.271
latency,1.03005,0.800642,0.775908
