id,mean,std,median
inter_time_arrival,517.23,156.454,499.991
latency,1.03066,0.569182,0.712868
