id,mean,std,median
inter_time_arrival,499.255,1.13202,499.403
latency,0.806423,0.194801,0.707173
