id,mean,std,median
inter_time_arrival,499.536,6.49589,499.654
latency,0.660034,0.16709,0.627202
