id,mean,std,median
inter_time_arrival,97.8282,159.257,22.9277
latency,0.597613,0.231823,0.539234
