id,mean,std,median
inter_time_arrival,499.976,0.307548,499.988
latency,0.820542,0.224801,0.7161
