id,mean,std,median
inter_time_arrival,499.564,0.876548,499.732
latency,0.674452,0.216744,0.593653
