id,mean,std,median
inter_time_arrival,1534.47,1482.67,1019.32
latency,0.381742,0.319404,0.181291
