id,mean,std,median
inter_time_arrival,1226.94,1129.28,924.629
latency,0.455812,0.363875,0.304445
