id,mean,std,median
inter_time_arrival,1241.38,1404.85,500.156
latency,0.548658,0.366534,0.533041
