id,mean,std,median
inter_time_arrival,249.768,247.166,51.4618
latency,0.327315,0.24427,0.235112
