id,mean,std,median
inter_time_arrival,499.996,0.207641,499.983
latency,0.628264,0.128942,0.601937
