id,mean,std,median
inter_time_arrival,499.947,9.33248,499.704
latency,1.06963,0.345795,0.971942
