id,mean,std,median
inter_time_arrival,1364.24,1420.32,893.411
latency,0.526857,0.442147,0.329952
