id,mean,std,median
inter_time_arrival,499.975,0.27733,500.002
latency,0.428903,0.15033,0.405565
