id,mean,std,median
inter_time_arrival,499.686,0.409468,499.751
latency,0.436773,0.127191,0.404671
