id,mean,std,median
inter_time_arrival,499.933,2.2859,499.94
latency,0.983548,0.408454,0.778402
