id,mean,std,median
inter_time_arrival,249.673,240.67,14.7859
latency,0.380773,0.125254,0.451231
