id,mean,std,median
inter_time_arrival,497.997,1.95797,498.362
latency,1.73907,0.956104,1.25479
