id,mean,std,median
inter_time_arrival,168.324,220.308,11.9878
latency,0.668963,0.342947,0.536451
