id,mean,std,median
inter_time_arrival,499.943,0.617564,499.997
latency,0.78265,0.424024,0.781219
