id,mean,std,median
inter_time_arrival,499.982,0.296803,499.984
latency,0.659433,0.208915,0.637932
