id,mean,std,median
inter_time_arrival,499.991,0.0942565,499.982
latency,0.506443,0.0700696,0.503328
