id,mean,std,median
inter_time_arrival,499.347,1.40844,499.418
latency,1.18528,0.629808,0.923491
