id,mean,std,median
inter_time_arrival,497.548,4.58297,497.647
latency,2.01631,0.847546,2.00382
