id,mean,std,median
inter_time_arrival,499.99,0.25899,499.981
latency,0.597211,0.171126,0.554337
