id,mean,std,median
inter_time_arrival,498.751,1.75279,498.821
latency,1.44544,0.706391,1.39361
