id,mean,std,median
inter_time_arrival,122.842,185.931,18.1267
latency,0.672776,0.287863,0.573634
