id,mean,std,median
inter_time_arrival,1613.57,2157.75,597.014
latency,0.286218,0.246046,0.20956
