id,mean,std,median
inter_time_arrival,166.654,221.128,19.6911
latency,0.49976,0.13618,0.497698
