id,mean,std,median
inter_time_arrival,499.998,0.152191,499.994
latency,0.553012,0.0855532,0.534579
