id,mean,std,median
inter_time_arrival,273.524,258.637,463.257
latency,1.10538,0.385198,1.09086
