id,mean,std,median
inter_time_arrival,850.367,695.464,500.172
latency,1.32194,0.272602,1.29146
