id,mean,std,median
inter_time_arrival,499.982,0.239196,499.918
latency,0.713171,0.193084,0.647426
