id,mean,std,median
inter_time_arrival,500.171,128.139,500.089
latency,2.00053,0.790149,1.61165
