id,mean,std,median
inter_time_arrival,162.454,217.219,7.81235
latency,0.62657,0.316283,0.543874
