id,mean,std,median
inter_time_arrival,500.013,0.521817,500.02
latency,0.601526,0.339174,0.463901
