id,mean,std,median
inter_time_arrival,499.528,101.231,499.605
latency,0.501869,0.159076,0.451139
