id,mean,std,median
inter_time_arrival,497.799,14.9324,497.512
latency,1.64515,0.859178,1.47588
