id,mean,std,median
inter_time_arrival,499.919,0.430846,499.928
latency,0.852542,0.370672,0.749636
