id,mean,std,median
inter_time_arrival,499.964,0.47483,499.988
latency,1.55195,0.306975,1.43429
