id,mean,std,median
inter_time_arrival,97.4252,182.663,4.59442
latency,0.418534,0.442652,0.343649
