id,mean,std,median
inter_time_arrival,499.166,6.08062,499.083
latency,0.885792,0.140718,0.860391
