id,mean,std,median
inter_time_arrival,499.705,0.321514,499.778
latency,0.750089,0.170361,0.735719
