id,mean,std,median
inter_time_arrival,500.005,65.1036,499.886
latency,0.462815,0.232526,0.469487
