id,mean,std,median
inter_time_arrival,500.008,6.53889,500.05
latency,0.522598,0.0870451,0.491809
