id,mean,std,median
inter_time_arrival,499.509,10.8509,499.176
latency,0.704951,0.149744,0.66125
