id,mean,std,median
inter_time_arrival,499.742,0.326874,499.747
latency,0.574877,0.222737,0.492432
