id,mean,std,median
inter_time_arrival,499.877,135.404,499.789
latency,1.70162,0.750126,1.49924
