id,mean,std,median
inter_time_arrival,500.052,17.0964,498.261
latency,1.01547,0.407613,0.820163
