id,mean,std,median
inter_time_arrival,499.918,0.544673,500.013
latency,0.822602,0.416061,0.601442
