id,mean,std,median
inter_time_arrival,499.988,0.107341,499.992
latency,0.524656,0.0686816,0.522307
