id,mean,std,median
inter_time_arrival,499.959,0.314937,500.015
latency,1.06033,0.261986,1.02679
