id,mean,std,median
inter_time_arrival,499.914,17.1698,500.114
latency,0.184873,0.0840247,0.192649
