id,mean,std,median
inter_time_arrival,499.503,0.552431,499.507
latency,0.837582,0.29868,0.800132
