id,mean,std,median
inter_time_arrival,498.874,1.94487,499.234
latency,1.78441,0.926379,1.80132
