id,mean,std,median
inter_time_arrival,499.978,0.29766,499.989
latency,0.62182,0.190393,0.555872
