id,mean,std,median
inter_time_arrival,499.695,1.78322,499.791
latency,0.379648,0.197007,0.285654
