id,mean,std,median
inter_time_arrival,536.878,130.983,499.929
latency,2.06614,0.681786,2.04791
