id,mean,std,median
inter_time_arrival,122.288,183.098,20.3345
latency,0.269007,0.155239,0.220321
