id,mean,std,median
inter_time_arrival,506.664,153.235,499.822
latency,0.868887,0.446303,0.666563
