id,mean,std,median
inter_time_arrival,249.61,247.346,5.62847
latency,0.773165,0.390546,0.655779
