id,mean,std,median
inter_time_arrival,499.318,1.51534,499.682
latency,1.33448,0.775559,1.25777
