id,mean,std,median
inter_time_arrival,499.535,1.07483,499.664
latency,0.948212,0.48194,0.734675
