id,mean,std,median
inter_time_arrival,99.9955,197.618,1.25376
latency,0.345562,0.0919229,0.33503
