id,mean,std,median
inter_time_arrival,499.752,0.554369,499.805
latency,0.787905,0.219247,0.714063
