id,mean,std,median
inter_time_arrival,1534.48,1482.7,1020.07
latency,0.322107,0.231528,0.316028
