id,mean,std,median
inter_time_arrival,166.53,215.328,27.0505
latency,0.435949,0.159216,0.429635
