id,mean,std,median
inter_time_arrival,499.672,0.516182,499.669
latency,0.615751,0.124978,0.590432
