id,mean,std,median
inter_time_arrival,499.095,0.679603,499.184
latency,1.04955,0.455091,0.882439
