id,mean,std,median
inter_time_arrival,500.248,113.997,499.931
latency,0.582547,0.28361,0.483523
