id,mean,std,median
inter_time_arrival,665.838,320.045,500.731
latency,2.41714,0.511279,2.38913
