id,mean,std,median
inter_time_arrival,499.926,0.653703,499.952
latency,1.07936,0.483971,1.06526
