id,mean,std,median
inter_time_arrival,98.7244,182.72,8.14019
latency,0.236007,0.109466,0.214252
