id,mean,std,median
inter_time_arrival,498.638,0.853357,498.513
latency,0.634459,0.306349,0.493781
