id,mean,std,median
inter_time_arrival,498.926,18.9029,500.133
latency,1.50732,0.925456,1.15581
