id,mean,std,median
inter_time_arrival,97.1902,171.406,15.3841
latency,0.685891,0.305484,0.558659
