id,mean,std,median
inter_time_arrival,499.992,0.0659209,499.99
latency,0.246421,0.0302295,0.235436
