id,mean,std,median
inter_time_arrival,499.992,0.15687,499.989
latency,0.580454,0.104633,0.535363
