id,mean,std,median
inter_time_arrival,172.597,213.149,34.1297
latency,0.577542,0.197615,0.562595
