id,mean,std,median
inter_time_arrival,499.961,0.596319,499.969
latency,1.48079,0.452998,1.46176
