id,mean,std,median
inter_time_arrival,99.9934,67.4576,91.606
latency,0.408753,0.0873813,0.407793
