id,mean,std,median
inter_time_arrival,499.243,90.5949,500.192
latency,0.89544,0.559535,0.57533
