id,mean,std,median
inter_time_arrival,99.9946,141.393,30.631
latency,0.554084,0.133261,0.521506
