id,mean,std,median
inter_time_arrival,500.795,121.42,499.86
latency,0.879146,0.495719,0.675843
