id,mean,std,median
inter_time_arrival,499.955,54.6987,499.787
latency,0.913664,0.690047,0.619331
