id,mean,std,median
inter_time_arrival,499.686,12.48,499.547
latency,0.344069,0.129805,0.297809
