id,mean,std,median
inter_time_arrival,499.967,0.131468,499.987
latency,1.21706,0.165793,1.16196
