id,mean,std,median
inter_time_arrival,499.976,0.503601,499.984
latency,1.92235,0.261913,1.94122
