id,mean,std,median
inter_time_arrival,144.102,224.91,1.11038
latency,0.260723,0.195617,0.202729
