id,mean,std,median
inter_time_arrival,87.1353,137.771,23.1982
latency,0.836973,0.572005,0.697183
