id,mean,std,median
inter_time_arrival,499.946,0.769083,499.938
latency,3.57481,0.509182,3.55773
