id,mean,std,median
inter_time_arrival,1428.41,1687.42,500.049
latency,0.363837,0.284228,0.171245
