id,mean,std,median
inter_time_arrival,808.194,407.606,516.049
latency,2.07894,0.634109,1.85015
