id,mean,std,median
inter_time_arrival,499.995,10.2198,500.167
latency,0.421715,0.28584,0.303818
