id,mean,std,median
inter_time_arrival,499.602,1.05989,499.707
latency,0.359079,0.275164,0.208565
