id,mean,std,median
inter_time_arrival,499.979,0.753836,499.769
latency,1.39626,0.508969,1.16759
