id,mean,std,median
inter_time_arrival,124.036,201.244,4.93189
latency,0.488383,0.256551,0.400834
