id,mean,std,median
inter_time_arrival,499.143,5.67291,499.222
latency,0.699365,0.476186,0.582781
