id,mean,std,median
inter_time_arrival,499.398,1.64427,499.223
latency,1.30627,0.687194,1.09341
