id,mean,std,median
inter_time_arrival,934.588,780.639,679.794
latency,0.154726,0.102791,0.108526
