id,mean,std,median
inter_time_arrival,500.039,10.3467,500.062
latency,0.575883,0.208459,0.563177
