id,mean,std,median
inter_time_arrival,1613.58,2157.74,596.762
latency,0.332184,0.30286,0.172812
