id,mean,std,median
inter_time_arrival,822.461,994.949,450.985
latency,3.18421,0.235429,3.08962
