id,mean,std,median
inter_time_arrival,500.004,0.22754,499.999
latency,0.59553,0.147344,0.567675
