id,mean,std,median
inter_time_arrival,1269.84,2357.36,500.095
latency,1.68641,0.730536,1.83567
