id,mean,std,median
inter_time_arrival,131.807,197.274,28.9829
latency,0.480112,0.129438,0.484706
