id,mean,std,median
inter_time_arrival,500.01,8.09233,499.93
latency,0.191969,0.0504622,0.187702
