id,mean,std,median
inter_time_arrival,498.936,2.36463,498.959
latency,1.68521,0.820691,1.34526
