id,mean,std,median
inter_time_arrival,499.96,0.670292,499.981
latency,1.89033,0.361176,1.93473
