id,mean,std,median
inter_time_arrival,499.067,89.0705,499.45
latency,0.38844,0.342424,0.279326
