id,mean,std,median
inter_time_arrival,501.622,28.6177,500.693
latency,0.488822,0.219181,0.433602
