id,mean,std,median
inter_time_arrival,499.962,0.383406,499.967
latency,0.772866,0.231548,0.690982
