id,mean,std,median
inter_time_arrival,499.978,48.2748,499.951
latency,0.532613,0.185709,0.496195
