id,mean,std,median
inter_time_arrival,499.798,0.326814,499.832
latency,0.446782,0.133997,0.428829
