id,mean,std,median
inter_time_arrival,499.985,0.341085,499.988
latency,1.0438,0.248582,1.03709
