id,mean,std,median
inter_time_arrival,498.586,25.4806,498.35
latency,1.22391,0.986795,0.904182
