id,mean,std,median
inter_time_arrival,499.936,1.03618,499.861
latency,1.90839,0.771388,1.81944
