id,mean,std,median
inter_time_arrival,499.989,9.82406,499.826
latency,0.797225,0.340507,0.675043
