id,mean,std,median
inter_time_arrival,499.994,0.177831,499.998
latency,0.536005,0.122224,0.48593
