id,mean,std,median
inter_time_arrival,123.981,210.415,1.59743
latency,0.282402,0.102909,0.26956
