id,mean,std,median
inter_time_arrival,500.272,28.9212,499.892
latency,0.132477,0.0657927,0.135691
