id,mean,std,median
inter_time_arrival,500.639,80.3964,499.855
latency,0.661904,0.26102,0.521922
