id,mean,std,median
inter_time_arrival,499.838,37.2528,499.764
latency,1.50574,1.08287,0.776419
