id,mean,std,median
inter_time_arrival,499.414,2.12805,500.07
latency,1.23815,0.951858,0.921039
