id,mean,std,median
inter_time_arrival,499.995,0.48338,500.047
latency,0.81257,0.291867,0.691812
