id,mean,std,median
inter_time_arrival,500.011,24.8254,500.044
latency,0.761476,0.302876,0.657987
