id,mean,std,median
inter_time_arrival,499.443,1.17175,499.254
latency,1.09545,0.496694,0.94787
