id,mean,std,median
inter_time_arrival,498.853,2.59016,498.518
latency,1.82709,0.758881,1.88158
