id,mean,std,median
inter_time_arrival,550.821,304.567,499.184
latency,0.769747,0.431954,0.602327
