id,mean,std,median
inter_time_arrival,99.9952,147.275,43.4778
latency,0.445223,0.0939133,0.437858
