id,mean,std,median
inter_time_arrival,499.999,0.101109,499.99
latency,0.273927,0.0587054,0.262097
