id,mean,std,median
inter_time_arrival,499.983,0.14302,499.991
latency,0.467448,0.0837549,0.462688
