id,mean,std,median
inter_time_arrival,170.581,231.301,1.57986
latency,0.321722,0.132927,0.347073
