id,mean,std,median
inter_time_arrival,168.597,226.337,3.6654
latency,0.405801,0.113565,0.395671
