id,mean,std,median
inter_time_arrival,499.97,0.477308,500.121
latency,0.91582,0.289683,0.865127
