id,mean,std,median
inter_time_arrival,499.961,0.652454,499.89
latency,1.24649,0.398552,1.11617
