id,mean,std,median
inter_time_arrival,499.8,0.838575,499.82
latency,0.622179,0.487269,0.479407
