id,mean,std,median
inter_time_arrival,499.683,0.714745,499.746
latency,0.686684,0.213684,0.670599
