id,mean,std,median
inter_time_arrival,499.943,0.254081,499.995
latency,0.796004,0.292178,0.70039
