id,mean,std,median
inter_time_arrival,499.682,0.585216,499.651
latency,1.09666,0.437847,1.05238
