id,mean,std,median
inter_time_arrival,499.726,6.27215,499.821
latency,0.578967,0.249124,0.574299
