id,mean,std,median
inter_time_arrival,499.983,45.1927,500.009
latency,0.391408,0.100926,0.356865
