id,mean,std,median
inter_time_arrival,499.953,1.36135,499.966
latency,2.67098,0.917725,3.02634
