id,mean,std,median
inter_time_arrival,499.41,1.03174,499.686
latency,0.852771,0.288089,0.792774
