id,mean,std,median
inter_time_arrival,499.82,0.774773,500.001
latency,5.77679,0.965937,5.48971
