id,mean,std,median
inter_time_arrival,499.954,43.0476,499.857
latency,0.625244,0.210642,0.56298
