id,mean,std,median
inter_time_arrival,499.983,0.604287,499.994
latency,0.872016,0.383237,0.829754
