id,mean,std,median
inter_time_arrival,500.595,136.157,498.806
latency,1.08333,0.627753,0.970788
