id,mean,std,median
inter_time_arrival,131.556,218.37,1.14421
latency,0.289473,0.301547,0.17092
