id,mean,std,median
inter_time_arrival,499.686,0.526815,499.729
latency,0.714011,0.265941,0.58557
