id,mean,std,median
inter_time_arrival,499.728,0.493219,499.682
latency,0.77827,0.282509,0.740572
