id,mean,std,median
inter_time_arrival,499.971,0.441472,499.993
latency,0.868177,0.289144,0.680451
