id,mean,std,median
inter_time_arrival,97.1445,172.632,11.9353
latency,0.571742,0.172928,0.531011
