id,mean,std,median
inter_time_arrival,499.392,0.76109,499.589
latency,1.48105,0.422827,1.33119
