id,mean,std,median
inter_time_arrival,499.941,0.306756,499.996
latency,1.12031,0.299272,1.02212
