id,mean,std,median
inter_time_arrival,499.441,1.39817,499.331
latency,1.30414,0.603575,1.07755
