id,mean,std,median
inter_time_arrival,499.569,1.57016,499.861
latency,0.235482,0.0778795,0.205425
