id,mean,std,median
inter_time_arrival,133.54,195.807,20.8428
latency,0.995701,0.381129,0.877093
