id,mean,std,median
inter_time_arrival,168.576,232.548,1.47539
latency,11.2775,73.2191,0.250761
