id,mean,std,median
inter_time_arrival,499.982,17.8733,500.114
latency,0.763841,0.307779,0.666403
