id,mean,std,median
inter_time_arrival,498.665,2.78827,498.603
latency,1.73162,0.875622,1.77593
