id,mean,std,median
inter_time_arrival,99.8266,126.953,26.6721
latency,0.414826,0.100398,0.414143
