id,mean,std,median
inter_time_arrival,499.955,1.44387,500.005
latency,3.08752,0.874602,3.29417
