id,mean,std,median
inter_time_arrival,127.22,215.676,1.29984
latency,0.318576,0.133846,0.303198
