id,mean,std,median
inter_time_arrival,499.518,0.825556,499.636
latency,0.726079,0.319283,0.593967
