id,mean,std,median
inter_time_arrival,100.572,62.9323,127.591
latency,0.54607,0.158405,0.507914
