id,mean,std,median
inter_time_arrival,99.9955,197.441,1.33779
latency,0.334653,0.0811003,0.327519
