id,mean,std,median
inter_time_arrival,1279.72,1038.75,992.28
latency,0.166026,0.154703,0.103622
