id,mean,std,median
inter_time_arrival,499.995,0.0638903,499.995
latency,0.187591,0.0173784,0.189413
