id,mean,std,median
inter_time_arrival,498.444,0.931031,498.342
latency,0.626796,0.274993,0.531752
