id,mean,std,median
inter_time_arrival,500.519,136.155,498.872
latency,1.19108,0.533589,1.14173
