id,mean,std,median
inter_time_arrival,168.353,225.486,3.69212
latency,0.481554,0.227553,0.419238
