id,mean,std,median
inter_time_arrival,124.655,141.992,32.4744
latency,0.657158,0.231306,0.594129
