id,mean,std,median
inter_time_arrival,254.605,238.956,468.817
latency,0.158918,0.0571708,0.143233
