id,mean,std,median
inter_time_arrival,499.958,1.46837,499.953
latency,6.80255,0.926974,6.87179
