id,mean,std,median
inter_time_arrival,499.86,0.375545,499.875
latency,0.657836,0.252116,0.588914
