id,mean,std,median
inter_time_arrival,522.884,192.541,499.508
latency,2.32988,0.806275,2.14699
