id,mean,std,median
inter_time_arrival,98.7144,185.876,5.71717
latency,0.282485,0.144856,0.240514
