id,mean,std,median
inter_time_arrival,499.959,0.741165,499.997
latency,1.96518,0.407811,1.96766
