id,mean,std,median
inter_time_arrival,500.03,0.851797,499.912
latency,2.06965,0.647913,1.94479
