id,mean,std,median
inter_time_arrival,534.364,189.955,501.698
latency,6.49602,0.912779,6.19002
