id,mean,std,median
inter_time_arrival,517.196,127.035,500.039
latency,0.533243,0.151886,0.501603
