id,mean,std,median
inter_time_arrival,499.986,29.3985,500.014
latency,0.971225,0.256464,0.892419
