id,mean,std,median
inter_time_arrival,167.486,203.854,22.8377
latency,0.877765,0.289169,0.777028
