id,mean,std,median
inter_time_arrival,498.935,0.899268,498.991
latency,0.942784,0.421505,0.751527
