id,mean,std,median
inter_time_arrival,499.856,1.33129,499.795
latency,0.197165,0.0568834,0.186467
