id,mean,std,median
inter_time_arrival,499.903,0.902362,499.894
latency,0.285856,0.142158,0.255882
