id,mean,std,median
inter_time_arrival,499.998,0.0322716,499.995
latency,0.189551,0.0170425,0.186983
