id,mean,std,median
inter_time_arrival,499.743,0.82755,499.822
latency,0.7375,0.609979,0.451598
