id,mean,std,median
inter_time_arrival,499.978,0.400466,499.993
latency,2.00524,0.258034,1.97153
