id,mean,std,median
inter_time_arrival,500.032,10.7389,500.042
latency,0.189829,0.0603239,0.188984
