id,mean,std,median
inter_time_arrival,620.402,356.167,500.083
latency,1.89304,0.558686,1.72918
