id,mean,std,median
inter_time_arrival,121.967,196.992,5.80966
latency,0.319452,0.136485,0.288545
