id,mean,std,median
inter_time_arrival,502.346,36.0554,499.855
latency,0.872272,0.391737,0.827444
