id,mean,std,median
inter_time_arrival,499.965,0.181229,499.968
latency,0.737076,0.151478,0.70547
