id,mean,std,median
inter_time_arrival,499.611,0.583761,499.564
latency,0.975839,0.387068,0.945592
