id,mean,std,median
inter_time_arrival,499.989,52.6421,500.011
latency,0.704536,0.785282,0.535969
