id,mean,std,median
inter_time_arrival,499.261,1.25693,499.272
latency,1.09885,0.446366,0.996926
