id,mean,std,median
inter_time_arrival,208.091,229.422,21.4655
latency,0.880399,0.175053,0.857381
