id,mean,std,median
inter_time_arrival,122.286,183.494,20.657
latency,0.432517,0.114221,0.406371
