id,mean,std,median
inter_time_arrival,637.881,597.118,499.883
latency,1.40252,0.500384,1.35997
