id,mean,std,median
inter_time_arrival,499.955,0.934846,500.025
latency,1.9957,0.529174,1.96643
