id,mean,std,median
inter_time_arrival,500.027,0.437478,500.027
latency,0.793605,0.309814,0.713222
