id,mean,std,median
inter_time_arrival,124.826,24.8704,107.853
latency,0.516782,0.131499,0.497999
