id,mean,std,median
inter_time_arrival,1411.31,1006.02,1332.24
latency,0.16009,0.16547,0.100697
