id,mean,std,median
inter_time_arrival,500.073,4.69876,499.896
latency,0.947982,0.398993,0.846568
