id,mean,std,median
inter_time_arrival,499.317,0.648144,499.466
latency,0.879046,0.320634,0.804871
