id,mean,std,median
inter_time_arrival,498.794,2.67074,499.006
latency,1.85043,0.799229,1.62824
