id,mean,std,median
inter_time_arrival,499.994,0.043775,499.996
latency,0.199982,0.0172579,0.198949
