id,mean,std,median
inter_time_arrival,254.296,204.048,262.377
latency,0.425689,0.608039,0.293666
