id,mean,std,median
inter_time_arrival,499.639,0.433397,499.702
latency,0.833758,0.282414,0.748591
