id,mean,std,median
inter_time_arrival,499.548,0.988255,499.711
latency,0.339904,0.195704,0.266381
