id,mean,std,median
inter_time_arrival,126.082,101.957,187.019
latency,0.496544,0.111148,0.476834
