id,mean,std,median
inter_time_arrival,1226.94,1129.26,924.645
latency,0.486273,0.385201,0.332626
