id,mean,std,median
inter_time_arrival,499.829,1.03834,499.861
latency,2.78161,0.928029,2.87911
