id,mean,std,median
inter_time_arrival,499.929,0.785606,499.95
latency,1.08553,0.478347,1.00453
