id,mean,std,median
inter_time_arrival,499.993,0.0892667,499.985
latency,0.331144,0.0740616,0.310367
