id,mean,std,median
inter_time_arrival,966.568,590.606,500.345
latency,1.22958,0.376986,1.21996
