id,mean,std,median
inter_time_arrival,499.345,1.29102,499.243
latency,1.81103,0.757844,1.63258
