id,mean,std,median
inter_time_arrival,499.679,2.11492,499.71
latency,0.296944,0.141943,0.272873
