id,mean,std,median
inter_time_arrival,499.187,20.5654,499.398
latency,1.14286,0.556896,1.05868
