id,mean,std,median
inter_time_arrival,499.479,9.0389,498.545
latency,1.13152,0.740849,0.935003
