id,mean,std,median
inter_time_arrival,124.354,139.156,31.8447
latency,0.793602,0.355558,0.687213
