id,mean,std,median
inter_time_arrival,499.985,52.9288,500.003
latency,0.383175,0.143574,0.392827
