id,mean,std,median
inter_time_arrival,267.572,232.077,303.066
latency,0.452553,0.457567,0.380147
