id,mean,std,median
inter_time_arrival,499.957,0.64646,499.966
latency,1.65024,0.462164,1.42176
