id,mean,std,median
inter_time_arrival,499.582,0.750528,499.564
latency,1.29045,0.495962,1.14154
