id,mean,std,median
inter_time_arrival,499.914,0.443218,499.995
latency,5.3526,0.552413,5.15468
