id,mean,std,median
inter_time_arrival,499.993,0.13706,499.98
latency,0.53074,0.0708254,0.516641
