id,mean,std,median
inter_time_arrival,498.773,7.26714,499.144
latency,1.02009,0.386854,0.847908
