id,mean,std,median
inter_time_arrival,499.054,0.927569,499.108
latency,1.24315,0.466108,1.09434
