id,mean,std,median
inter_time_arrival,499.72,5.24457,498.738
latency,0.744127,0.411119,0.641285
