id,mean,std,median
inter_time_arrival,499.987,8.66115,499.957
latency,0.818055,0.297734,0.740854
