id,mean,std,median
inter_time_arrival,655.129,465.814,500.016
latency,1.41915,0.450469,1.53459
