id,mean,std,median
inter_time_arrival,499.995,0.17122,499.994
latency,0.220413,0.115851,0.18981
