id,mean,std,median
inter_time_arrival,499.964,0.557826,499.986
latency,1.44353,0.392249,1.39488
