id,mean,std,median
inter_time_arrival,249.99,245.289,41.4259
latency,0.430441,0.0980856,0.422531
