id,mean,std,median
inter_time_arrival,499.942,0.822991,500.053
latency,1.28661,0.553276,1.15271
