id,mean,std,median
inter_time_arrival,498.539,1.06402,498.656
latency,0.922316,0.596028,0.735027
