id,mean,std,median
inter_time_arrival,499.992,25.316,500.151
latency,0.788917,0.23928,0.691204
