id,mean,std,median
inter_time_arrival,499.988,0.234136,499.995
latency,0.558209,0.14294,0.518178
