id,mean,std,median
inter_time_arrival,499.597,0.876301,499.704
latency,0.374949,0.0428242,0.382696
