id,mean,std,median
inter_time_arrival,162.795,213.33,19.0979
latency,0.704831,0.599405,0.562882
