id,mean,std,median
inter_time_arrival,500.171,10.0292,499.877
latency,0.800762,0.325993,0.717699
