id,mean,std,median
inter_time_arrival,501.012,23.4563,500.009
latency,0.755935,0.29813,0.66164
