id,mean,std,median
inter_time_arrival,168.155,205.155,41.9226
latency,0.686732,0.285506,0.585987
