id,mean,std,median
inter_time_arrival,499.927,0.492556,500.052
latency,1.29342,0.388267,1.24868
