id,mean,std,median
inter_time_arrival,879.648,781.134,503.696
latency,1.32667,0.316739,1.22615
