id,mean,std,median
inter_time_arrival,122.982,205.233,5.92882
latency,0.269821,0.129862,0.258061
