id,mean,std,median
inter_time_arrival,499.866,124.524,499.793
latency,1.49246,0.895661,1.12433
