id,mean,std,median
inter_time_arrival,500.03,17.8423,500.224
latency,0.442077,0.117677,0.450952
