id,mean,std,median
inter_time_arrival,272.687,235.863,393.532
latency,0.321494,0.720312,0.246146
