id,mean,std,median
inter_time_arrival,499.974,0.475143,500.033
latency,0.705228,0.346233,0.536073
