id,mean,std,median
inter_time_arrival,500.019,26.5552,500.317
latency,0.177773,0.0907025,0.19229
