id,mean,std,median
inter_time_arrival,499.146,1.67151,499.533
latency,1.42945,0.570151,1.45164
