id,mean,std,median
inter_time_arrival,365.127,734.82,34.9576
latency,0.821281,0.189608,0.767972
