id,mean,std,median
inter_time_arrival,498.488,21.0818,498.535
latency,1.37023,0.584598,1.25497
