id,mean,std,median
inter_time_arrival,1822.51,1869.81,1127.11
latency,0.598628,0.493881,0.350633
