id,mean,std,median
inter_time_arrival,499.331,0.813472,499.339
latency,1.04102,0.383525,0.872133
