id,mean,std,median
inter_time_arrival,499.223,2.09407,498.816
latency,1.66312,0.822349,1.37773
