id,mean,std,median
inter_time_arrival,499.601,2.63724,499.746
latency,0.37469,0.349813,0.214894
