id,mean,std,median
inter_time_arrival,499.972,0.32716,499.997
latency,0.740824,0.259025,0.656514
