id,mean,std,median
inter_time_arrival,83.5478,129.496,50.2403
latency,1.07469,0.880504,0.857346
