id,mean,std,median
inter_time_arrival,564.648,215.381,502.165
latency,1.57942,0.816644,1.28983
