id,mean,std,median
inter_time_arrival,697.879,431.336,684.63
latency,0.607238,2.10469,0.127651
