id,mean,std,median
inter_time_arrival,500.194,33.4288,502.037
latency,0.936888,0.885804,0.709731
