id,mean,std,median
inter_time_arrival,964.314,831.464,503.569
latency,6.95108,0.719244,6.83571
