id,mean,std,median
inter_time_arrival,1358.08,1029.54,1074.39
latency,0.193508,0.113151,0.147951
