id,mean,std,median
inter_time_arrival,500.014,1.78278,500.006
latency,2.93377,0.983681,3.33318
