id,mean,std,median
inter_time_arrival,500.098,25.5458,500.045
latency,1.00903,0.364184,0.901667
