id,mean,std,median
inter_time_arrival,498.778,1.94715,498.837
latency,1.38735,0.841358,0.963177
