id,mean,std,median
inter_time_arrival,499.337,1.57635,499.684
latency,1.10395,0.965092,0.704483
