id,mean,std,median
inter_time_arrival,844.068,1400.45,499.094
latency,0.532447,0.346431,0.422716
