id,mean,std,median
inter_time_arrival,499.782,1.58159,499.867
latency,0.206379,0.0496112,0.199406
