id,mean,std,median
inter_time_arrival,98.7314,179.984,3.9214
latency,0.788708,0.245739,0.700644
