id,mean,std,median
inter_time_arrival,1413.75,2148.65,500.445
latency,0.587166,0.352144,0.406861
