id,mean,std,median
inter_time_arrival,499.951,0.449237,499.93
latency,1.43013,0.226507,1.38423
