id,mean,std,median
inter_time_arrival,499.991,0.365135,499.976
latency,0.567373,0.229367,0.479136
