id,mean,std,median
inter_time_arrival,499.952,0.692356,499.992
latency,1.87261,0.498796,1.85739
