id,mean,std,median
inter_time_arrival,1172.39,1144.56,631.956
latency,0.406573,0.279741,0.262882
