id,mean,std,median
inter_time_arrival,165.083,212.758,15.1738
latency,0.243253,0.102935,0.219041
