id,mean,std,median
inter_time_arrival,499.969,0.65743,500.086
latency,0.904577,0.316086,0.758082
