id,mean,std,median
inter_time_arrival,499.971,0.364916,500.011
latency,0.771979,0.236579,0.696227
