id,mean,std,median
inter_time_arrival,499.953,1.44403,500.014
latency,3.56121,0.460139,3.44451
