id,mean,std,median
inter_time_arrival,520.62,192.789,545.016
latency,0.136996,0.0499997,0.11763
