id,mean,std,median
inter_time_arrival,499.963,93.4182,499.963
latency,1.33093,0.432071,1.17933
