id,mean,std,median
inter_time_arrival,499.982,0.463416,500.041
latency,0.823881,0.315321,0.776605
