id,mean,std,median
inter_time_arrival,501.577,78.5984,504.501
latency,6.24223,0.781725,6.08675
