id,mean,std,median
inter_time_arrival,499.999,9.87649,499.893
latency,0.742457,0.298637,0.637711
