id,mean,std,median
inter_time_arrival,165.204,206.944,22.6657
latency,0.510102,0.133345,0.489315
