id,mean,std,median
inter_time_arrival,245.839,209.821,243.531
latency,0.919138,0.340986,0.822213
