id,mean,std,median
inter_time_arrival,500.068,17.765,499.865
latency,0.601897,0.305589,0.538498
