id,mean,std,median
inter_time_arrival,591.035,195.002,500.471
latency,2.49137,0.660928,2.11927
