id,mean,std,median
inter_time_arrival,121.939,203.097,4.14499
latency,0.370867,0.123234,0.34477
