id,mean,std,median
inter_time_arrival,1485.75,2059.38,588.124
latency,0.99664,0.606004,0.981055
