id,mean,std,median
inter_time_arrival,499.995,0.233877,499.987
latency,0.504477,0.0604348,0.488148
