id,mean,std,median
inter_time_arrival,499.937,0.152128,499.929
latency,0.2694,0.0774388,0.258554
