id,mean,std,median
inter_time_arrival,521.547,150.798,499.343
latency,1.50312,0.773291,1.42438
