id,mean,std,median
inter_time_arrival,499.988,0.102736,499.969
latency,0.461816,0.0661997,0.445472
