id,mean,std,median
inter_time_arrival,502.889,109.161,499.286
latency,1.33024,1.39611,0.645091
