id,mean,std,median
inter_time_arrival,499.464,0.671576,499.557
latency,0.69008,0.116831,0.641669
