id,mean,std,median
inter_time_arrival,498.507,9.70325,498.503
latency,1.21055,0.663517,0.993135
