id,mean,std,median
inter_time_arrival,839.255,1266.54,499.867
latency,1.60239,0.550107,1.70122
