id,mean,std,median
inter_time_arrival,499.024,1.82857,499.456
latency,0.759163,0.701314,0.568559
