id,mean,std,median
inter_time_arrival,500.419,10.2243,500.357
latency,0.703058,0.25951,0.640253
