id,mean,std,median
inter_time_arrival,499.937,27.6967,500.062
latency,1.58113,0.569776,1.42052
