id,mean,std,median
inter_time_arrival,367.605,400.676,478.627
latency,1.22986,0.434242,1.15482
