id,mean,std,median
inter_time_arrival,499.287,1.4749,499.43
latency,0.436233,0.488133,0.246956
