id,mean,std,median
inter_time_arrival,499.957,0.306885,499.99
latency,0.956906,0.286944,0.892346
