id,mean,std,median
inter_time_arrival,1358.07,1029.54,1074.33
latency,0.239477,0.144376,0.178521
