id,mean,std,median
inter_time_arrival,499.993,14.0566,499.986
latency,0.7522,0.213907,0.755202
