id,mean,std,median
inter_time_arrival,499.527,0.635154,499.598
latency,0.622443,0.215756,0.523678
