id,mean,std,median
inter_time_arrival,499.974,108.291,499.426
latency,0.506123,0.205445,0.480463
