id,mean,std,median
inter_time_arrival,499.996,0.369584,499.906
latency,1.72211,0.415852,1.65271
