id,mean,std,median
inter_time_arrival,166.659,233.306,1.40727
latency,0.323586,0.0793176,0.333281
