id,mean,std,median
inter_time_arrival,499.97,0.631432,499.935
latency,0.715545,0.365881,0.713235
