id,mean,std,median
inter_time_arrival,280.963,246.613,494.892
latency,0.422326,0.15723,0.396166
