id,mean,std,median
inter_time_arrival,499.807,0.630311,499.887
latency,0.594352,0.283922,0.483861
