id,mean,std,median
inter_time_arrival,123.026,202.775,7.95298
latency,0.216114,0.0957531,0.203526
