id,mean,std,median
inter_time_arrival,502.525,154.183,498.404
latency,0.975576,0.695637,0.722339
