id,mean,std,median
inter_time_arrival,499.961,0.497675,500.014
latency,1.05062,0.339522,0.923141
