id,mean,std,median
inter_time_arrival,499.959,125.538,500.039
latency,0.626573,0.374332,0.430786
