id,mean,std,median
inter_time_arrival,499.571,0.965672,499.699
latency,0.713997,0.231307,0.647266
