id,mean,std,median
inter_time_arrival,500.01,0.332843,500
latency,0.595355,0.127888,0.575331
