id,mean,std,median
inter_time_arrival,499.109,1.65556,498.776
latency,1.37718,0.610625,1.32257
