id,mean,std,median
inter_time_arrival,499.961,0.546667,499.944
latency,2.11752,0.413939,2.02278
