id,mean,std,median
inter_time_arrival,499.953,0.313606,499.941
latency,3.92689,0.241786,3.87731
