id,mean,std,median
inter_time_arrival,499.997,0.232204,500.017
latency,0.563682,0.130167,0.542316
