id,mean,std,median
inter_time_arrival,98.7547,188.022,4.67737
latency,0.396111,0.17686,0.352418
