id,mean,std,median
inter_time_arrival,124.886,168.074,36.7229
latency,4.19421,7.27058,0.887844
