id,mean,std,median
inter_time_arrival,182.179,232.524,1.51835
latency,0.333645,0.213104,0.320734
