id,mean,std,median
inter_time_arrival,499.621,0.480412,499.719
latency,0.260652,0.0574949,0.247026
