id,mean,std,median
inter_time_arrival,500.617,64.4433,500.015
latency,0.60593,0.482713,0.441123
