id,mean,std,median
inter_time_arrival,499.749,0.50419,499.747
latency,0.59832,0.0923906,0.576544
