id,mean,std,median
inter_time_arrival,499.044,0.889785,499.082
latency,1.28733,0.692451,1.13069
