id,mean,std,median
inter_time_arrival,499.888,7.50721,499.806
latency,0.336325,0.157051,0.292202
