id,mean,std,median
inter_time_arrival,517.182,156.392,500.002
latency,0.712186,0.516494,0.573539
