id,mean,std,median
inter_time_arrival,499.982,37.7178,500.013
latency,0.284669,0.0873533,0.261281
