id,mean,std,median
inter_time_arrival,499.956,0.38731,499.933
latency,1.25916,0.505261,1.10861
