id,mean,std,median
inter_time_arrival,258.587,221.228,259.62
latency,0.429972,0.215678,0.372194
