id,mean,std,median
inter_time_arrival,500.022,124.099,499.572
latency,1.14435,0.177981,1.11466
