id,mean,std,median
inter_time_arrival,499.445,1.2615,499.708
latency,0.804199,0.261951,0.751395
