id,mean,std,median
inter_time_arrival,329.833,360.731,51.9973
latency,1.33675,0.712407,1.18442
