id,mean,std,median
inter_time_arrival,499.597,0.653674,499.601
latency,0.625111,0.177014,0.547613
