id,mean,std,median
inter_time_arrival,97.02,185.401,5.85517
latency,0.613189,0.457745,0.466307
