id,mean,std,median
inter_time_arrival,517.959,95.2865,500.048
latency,0.283128,0.178102,0.264907
