id,mean,std,median
inter_time_arrival,873.059,660.186,540.048
latency,0.340092,0.280648,0.179993
