id,mean,std,median
inter_time_arrival,499.997,24.0729,499.843
latency,3.12657,0.968762,3.45489
