id,mean,std,median
inter_time_arrival,550.809,304.41,499.127
latency,0.570751,0.208537,0.472197
