id,mean,std,median
inter_time_arrival,581.584,212.478,500.235
latency,2.11108,0.489476,1.99304
