id,mean,std,median
inter_time_arrival,499.836,25.8589,498.875
latency,1.66766,0.669586,1.50977
