id,mean,std,median
inter_time_arrival,121.976,200.689,8.61703
latency,0.964055,0.83916,0.732698
