id,mean,std,median
inter_time_arrival,499.246,16.0657,499.162
latency,1.13864,0.494863,1.02647
