id,mean,std,median
inter_time_arrival,499.847,6.54326,500.222
latency,0.406104,0.34379,0.27472
