id,mean,std,median
inter_time_arrival,499.32,1.55398,499.576
latency,0.638712,0.236843,0.536377
