id,mean,std,median
inter_time_arrival,499.989,23.7887,500.134
latency,1.12915,0.278234,1.08961
