id,mean,std,median
inter_time_arrival,499.984,28.9684,499.972
latency,0.582219,0.241531,0.535472
