id,mean,std,median
inter_time_arrival,97.4449,187.275,5.12383
latency,0.281863,0.0913437,0.261537
