id,mean,std,median
inter_time_arrival,1335.19,1068.5,1054.65
latency,0.246623,0.176359,0.185491
