id,mean,std,median
inter_time_arrival,499.716,90.1336,499.788
latency,0.590522,0.123675,0.539332
