id,mean,std,median
inter_time_arrival,499.966,0.261265,500.018
latency,1.81862,0.247552,1.78798
