id,mean,std,median
inter_time_arrival,249.977,229.124,21.0557
latency,0.483014,0.131366,0.463138
