id,mean,std,median
inter_time_arrival,499.985,0.0654583,499.985
latency,0.563966,0.0777359,0.540807
