id,mean,std,median
inter_time_arrival,499.961,0.918238,500.003
latency,1.90754,0.535731,1.96094
