id,mean,std,median
inter_time_arrival,99.1586,159.528,19.3194
latency,0.451036,0.156308,0.412578
