id,mean,std,median
inter_time_arrival,499.963,0.273002,499.987
latency,1.04118,0.171177,1.03671
