id,mean,std,median
inter_time_arrival,124.574,175.575,21.6786
latency,0.511921,0.0899426,0.510467
