id,mean,std,median
inter_time_arrival,870.778,563.341,544.656
latency,1.76125,0.437385,1.68113
