id,mean,std,median
inter_time_arrival,500.007,1.20697,500.001
latency,2.36784,0.798351,2.12012
