id,mean,std,median
inter_time_arrival,499.318,1.20145,499.499
latency,0.78649,0.265916,0.65789
