id,mean,std,median
inter_time_arrival,166.495,221.374,14.3274
latency,0.420694,0.153728,0.411922
