id,mean,std,median
inter_time_arrival,1586.18,1976.58,743.305
latency,0.323575,0.235104,0.233382
