id,mean,std,median
inter_time_arrival,499.985,0.202708,499.997
latency,0.680333,0.0971215,0.687549
