id,mean,std,median
inter_time_arrival,533.123,177.48,499.424
latency,1.06446,0.836211,0.799716
