id,mean,std,median
inter_time_arrival,517.197,192.192,499.931
latency,1.37375,0.540405,1.19127
