id,mean,std,median
inter_time_arrival,500.189,39.4337,500.058
latency,0.965059,0.306146,0.889507
