id,mean,std,median
inter_time_arrival,499.146,1.86207,499.006
latency,1.30786,0.951741,1.01933
