id,mean,std,median
inter_time_arrival,533.671,186.143,499.083
latency,0.478838,0.152195,0.426678
