id,mean,std,median
inter_time_arrival,579.838,231.492,500.075
latency,1.95649,0.552217,1.91068
