id,mean,std,median
inter_time_arrival,499.993,0.135503,499.998
latency,0.384519,0.0547934,0.398081
