id,mean,std,median
inter_time_arrival,499.677,1.58644,499.809
latency,0.222167,0.0875748,0.181112
