id,mean,std,median
inter_time_arrival,246.011,236.864,24.942
latency,0.561789,0.286008,0.482082
