id,mean,std,median
inter_time_arrival,517.432,100.337,499.524
latency,0.41531,0.163291,0.356928
