id,mean,std,median
inter_time_arrival,499.983,0.203159,499.989
latency,0.73353,0.108585,0.730339
