id,mean,std,median
inter_time_arrival,499.527,0.964642,499.505
latency,1.11053,0.602567,0.919887
