id,mean,std,median
inter_time_arrival,126.082,205.814,4.86923
latency,0.181478,0.0410672,0.187948
