id,mean,std,median
inter_time_arrival,499.902,52.3243,499.436
latency,1.54032,0.537718,1.42205
