id,mean,std,median
inter_time_arrival,500.165,27.204,499.904
latency,0.771765,0.296672,0.70763
