id,mean,std,median
inter_time_arrival,499.981,0.566946,500.002
latency,0.69481,0.275335,0.607971
