id,mean,std,median
inter_time_arrival,500.626,64.208,500.046
latency,0.823906,0.464779,0.641123
