id,mean,std,median
inter_time_arrival,166.526,218.624,19.0692
latency,0.443501,0.0993943,0.433277
