id,mean,std,median
inter_time_arrival,207.309,251.494,7.38923
latency,1.08575,0.412105,1.03529
