id,mean,std,median
inter_time_arrival,500.478,7.68757,500.833
latency,0.516713,0.0995501,0.506145
