id,mean,std,median
inter_time_arrival,99.5821,135.736,41.5608
latency,0.825953,0.63035,0.670787
