id,mean,std,median
inter_time_arrival,683.455,441.522,499.649
latency,0.387046,0.290267,0.246766
