id,mean,std,median
inter_time_arrival,500.006,8.18043,500.11
latency,0.654782,0.252711,0.644925
