id,mean,std,median
inter_time_arrival,1465.48,1996.14,518.313
latency,0.316975,0.209701,0.27254
