id,mean,std,median
inter_time_arrival,1367.51,1620.31,500.09
latency,0.396964,0.381661,0.307699
