id,mean,std,median
inter_time_arrival,499.876,0.787945,499.986
latency,2.01115,0.668315,1.96202
