id,mean,std,median
inter_time_arrival,500.002,0.460851,500.029
latency,0.506696,0.283862,0.463602
