id,mean,std,median
inter_time_arrival,499.727,8.99552,498.537
latency,0.746697,0.378207,0.64656
