id,mean,std,median
inter_time_arrival,499.566,0.878962,499.782
latency,0.74383,0.277522,0.630693
