id,mean,std,median
inter_time_arrival,499.977,40.7585,499.892
latency,0.755965,0.280014,0.711583
