id,mean,std,median
inter_time_arrival,399.858,408.401,270.651
latency,4.54419,0.614247,4.34832
