id,mean,std,median
inter_time_arrival,499.223,0.985091,499.271
latency,0.984905,0.516375,0.71255
