id,mean,std,median
inter_time_arrival,499.747,0.445418,499.823
latency,0.543052,0.131601,0.504544
