id,mean,std,median
inter_time_arrival,249.987,248.734,1.61978
latency,0.527859,0.143362,0.506498
