id,mean,std,median
inter_time_arrival,499.831,0.660159,499.847
latency,0.72792,0.336758,0.589769
