id,mean,std,median
inter_time_arrival,499.92,0.477522,499.876
latency,0.929587,0.309732,0.890629
