id,mean,std,median
inter_time_arrival,124.527,26.6967,111.94
latency,0.606695,0.178581,0.568294
