id,mean,std,median
inter_time_arrival,499.986,0.590447,499.963
latency,1.69177,0.445177,1.57895
