id,mean,std,median
inter_time_arrival,291.619,354.85,24.4818
latency,0.907524,0.223915,0.830213
