id,mean,std,median
inter_time_arrival,1106.33,691.22,992.739
latency,0.391217,0.234935,0.244444
