id,mean,std,median
inter_time_arrival,499.955,0.579038,499.984
latency,2.01645,0.341618,1.97443
