id,mean,std,median
inter_time_arrival,499.419,1.82637,499.655
latency,0.812612,0.240214,0.728004
