id,mean,std,median
inter_time_arrival,499.981,0.0974854,500
latency,0.643531,0.0754338,0.630852
