id,mean,std,median
inter_time_arrival,499.959,0.646619,499.863
latency,0.979213,0.403513,0.889777
