id,mean,std,median
inter_time_arrival,166.661,75.6658,125.966
latency,0.521705,0.0992246,0.50253
