id,mean,std,median
inter_time_arrival,162.988,227.595,3.01636
latency,0.561757,0.189261,0.538728
