id,mean,std,median
inter_time_arrival,499.164,2.22659,499.145
latency,1.50277,0.826254,1.26046
