id,mean,std,median
inter_time_arrival,499.968,68.0588,499.99
latency,0.366385,0.111842,0.339458
