id,mean,std,median
inter_time_arrival,499.998,0.247337,500.011
latency,0.694507,0.167859,0.687104
