id,mean,std,median
inter_time_arrival,122.972,203.158,5.86325
latency,0.278242,0.102735,0.275704
