id,mean,std,median
inter_time_arrival,499.646,36.6124,499.807
latency,0.640875,0.279021,0.576933
