id,mean,std,median
inter_time_arrival,499.959,0.272587,500.003
latency,0.339593,0.219221,0.270442
