id,mean,std,median
inter_time_arrival,501.031,26.6841,500.023
latency,1.15886,0.395801,1.00154
