id,mean,std,median
inter_time_arrival,501.597,92.5099,499.983
latency,1.02711,0.619178,0.686788
