id,mean,std,median
inter_time_arrival,499.927,0.455782,500.015
latency,2.89703,0.513054,2.72612
