id,mean,std,median
inter_time_arrival,518.447,94.3346,499.955
latency,1.94116,0.471483,1.74134
