id,mean,std,median
inter_time_arrival,499.393,0.802946,499.276
latency,1.05377,0.534973,0.843494
