id,mean,std,median
inter_time_arrival,499.604,1.2656,499.654
latency,1.08151,0.789715,0.680017
