id,mean,std,median
inter_time_arrival,500.038,61.9727,500.003
latency,1.68714,0.763002,1.51581
