id,mean,std,median
inter_time_arrival,499.278,2.11447,499.416
latency,1.66598,0.756065,1.39953
