id,mean,std,median
inter_time_arrival,499.351,1.48149,499.51
latency,0.455115,0.387279,0.26411
