id,mean,std,median
inter_time_arrival,170.467,235.245,1.31016
latency,5.85451,52.3949,0.284991
