id,mean,std,median
inter_time_arrival,499.974,0.296853,499.982
latency,1.87005,0.218062,1.79693
