id,mean,std,median
inter_time_arrival,500.001,0.282293,499.986
latency,0.622891,0.18667,0.598203
