id,mean,std,median
inter_time_arrival,499.965,1.44287,499.994
latency,2.36567,0.808479,2.16025
