id,mean,std,median
inter_time_arrival,499.985,0.213719,500.004
latency,0.628694,0.149733,0.593924
