id,mean,std,median
inter_time_arrival,499.922,0.773747,500.093
latency,2.21394,0.618297,2.1107
