id,mean,std,median
inter_time_arrival,1367.51,1620.3,500.068
latency,0.408603,0.350073,0.366623
