id,mean,std,median
inter_time_arrival,498.771,1.19149,498.719
latency,1.23735,0.643732,1.03009
