id,mean,std,median
inter_time_arrival,166.512,120.408,95.2559
latency,0.572294,0.13052,0.562412
