id,mean,std,median
inter_time_arrival,499.781,0.736189,499.674
latency,0.899879,0.400016,0.754844
