id,mean,std,median
inter_time_arrival,499.983,0.612283,500.014
latency,1.15209,0.384953,1.11203
