id,mean,std,median
inter_time_arrival,499.986,0.515287,500.002
latency,2.13249,0.503934,2.06139
