id,mean,std,median
inter_time_arrival,1465.48,1996.09,518.316
latency,0.383537,0.314476,0.175619
