id,mean,std,median
inter_time_arrival,499.7,0.31788,499.749
latency,0.574687,0.111311,0.540324
