id,mean,std,median
inter_time_arrival,499.808,0.439961,499.836
latency,0.362162,0.0587918,0.377384
