id,mean,std,median
inter_time_arrival,498.497,2.06698,498.949
latency,1.54853,0.606697,1.28714
