id,mean,std,median
inter_time_arrival,499.985,29.8901,499.993
latency,0.583451,0.224442,0.537304
