id,mean,std,median
inter_time_arrival,824.219,723.987,500.496
latency,1.21737,0.344765,1.10733
