id,mean,std,median
inter_time_arrival,499.976,0.609857,500.021
latency,1.57841,0.40404,1.50841
