id,mean,std,median
inter_time_arrival,499.98,0.647429,499.969
latency,2.23361,0.507248,2.23473
