id,mean,std,median
inter_time_arrival,499.973,48.3071,499.878
latency,0.593888,0.163769,0.558467
