id,mean,std,median
inter_time_arrival,498.201,20.5221,497.924
latency,1.15904,0.962246,0.725986
