id,mean,std,median
inter_time_arrival,499.769,0.54843,499.819
latency,0.40154,0.114764,0.391061
