id,mean,std,median
inter_time_arrival,500.123,36.6739,498.96
latency,0.844573,0.436813,0.712835
