id,mean,std,median
inter_time_arrival,499.971,78.3605,499.97
latency,1.17716,0.664697,0.866822
