id,mean,std,median
inter_time_arrival,499.539,2.25838,499.433
latency,0.575274,0.330444,0.554904
