id,mean,std,median
inter_time_arrival,498.492,17.8141,498.476
latency,1.93523,0.922389,1.72993
