id,mean,std,median
inter_time_arrival,557.573,211.652,499.977
latency,1.92591,0.464466,1.82978
