id,mean,std,median
inter_time_arrival,1269.85,2357.46,500.001
latency,1.13633,0.480015,1.11108
