id,mean,std,median
inter_time_arrival,500.173,104.958,500.146
latency,0.740658,0.446426,0.56586
