id,mean,std,median
inter_time_arrival,499.908,0.175687,499.921
latency,0.181011,0.0444214,0.173562
