id,mean,std,median
inter_time_arrival,164.061,217.713,12.9116
latency,0.97877,0.624116,0.794595
