id,mean,std,median
inter_time_arrival,498.772,2.19395,499.245
latency,1.0259,0.513226,0.833797
