id,mean,std,median
inter_time_arrival,499.953,0.591773,499.871
latency,1.8987,0.525632,1.91567
