id,mean,std,median
inter_time_arrival,499.784,0.668655,499.762
latency,0.369459,0.189186,0.260872
