id,mean,std,median
inter_time_arrival,498.612,2.77523,498.885
latency,1.35363,0.702603,1.15556
