id,mean,std,median
inter_time_arrival,168.559,229.419,2.45498
latency,0.242814,0.160689,0.230467
