id,mean,std,median
inter_time_arrival,499.964,0.109943,500.001
latency,1.13871,0.181061,1.06394
