id,mean,std,median
inter_time_arrival,499.95,0.515792,499.869
latency,1.16779,0.323031,1.10257
