id,mean,std,median
inter_time_arrival,249.991,246.203,6.65317
latency,0.56807,0.184684,0.522379
