id,mean,std,median
inter_time_arrival,499.742,153.651,494.857
latency,0.572625,0.157269,0.55181
