id,mean,std,median
inter_time_arrival,501.615,78.4584,504.788
latency,3.52791,0.735284,3.17118
