id,mean,std,median
inter_time_arrival,499.804,0.543893,499.82
latency,0.550177,0.242346,0.451902
