id,mean,std,median
inter_time_arrival,499.944,0.335699,499.945
latency,0.839037,0.312656,0.773306
