id,mean,std,median
inter_time_arrival,499.41,0.564705,499.365
latency,0.885508,0.33425,0.78954
