id,mean,std,median
inter_time_arrival,499.976,16.4291,499.881
latency,0.340189,0.193532,0.259521
