id,mean,std,median
inter_time_arrival,126.338,204.062,4.68156
latency,0.96715,0.684381,0.69242
