id,mean,std,median
inter_time_arrival,499.991,0.326244,500.008
latency,0.748516,0.211895,0.69133
