id,mean,std,median
inter_time_arrival,499.296,2.04793,499.437
latency,1.58992,0.842457,1.32644
