id,mean,std,median
inter_time_arrival,166.659,228.508,5.26281
latency,0.280621,0.0781525,0.285609
