id,mean,std,median
inter_time_arrival,164.883,210.784,10.7979
latency,0.468386,0.274821,0.376643
