id,mean,std,median
inter_time_arrival,499.951,0.683104,500.048
latency,0.873535,0.459448,0.848192
