id,mean,std,median
inter_time_arrival,500.886,150.774,499.795
latency,1.64478,0.454316,1.55626
