id,mean,std,median
inter_time_arrival,499.974,75.4102,496.73
latency,0.172716,0.177561,0.145948
