id,mean,std,median
inter_time_arrival,785.759,1450.13,44.0129
latency,0.856492,0.194359,0.81354
