id,mean,std,median
inter_time_arrival,1111.33,1257.22,500.085
latency,0.533302,0.177546,0.459201
