id,mean,std,median
inter_time_arrival,499.706,0.531359,499.807
latency,0.662818,0.18276,0.604616
