id,mean,std,median
inter_time_arrival,499.99,77.3835,500.035
latency,0.45762,0.107049,0.410466
