id,mean,std,median
inter_time_arrival,499.173,1.32003,499.345
latency,0.916305,0.58069,0.665603
