id,mean,std,median
inter_time_arrival,499.344,1.07971,499.576
latency,0.755375,0.285973,0.626693
