id,mean,std,median
inter_time_arrival,499.944,1.45391,499.991
latency,7.30008,0.921651,7.24194
