id,mean,std,median
inter_time_arrival,499.6,7.01985,499.917
latency,0.789387,0.411404,0.647235
