id,mean,std,median
inter_time_arrival,499.995,9.81256,499.899
latency,0.675192,0.331164,0.552242
