id,mean,std,median
inter_time_arrival,97.6572,187.843,3.64025
latency,0.515631,0.14729,0.495875
