id,mean,std,median
inter_time_arrival,499.969,0.699972,499.982
latency,0.9185,0.450232,0.775236
