id,mean,std,median
inter_time_arrival,1269.82,2357.43,500.071
latency,1.37203,0.690066,1.28795
