id,mean,std,median
inter_time_arrival,499.986,0.428494,499.995
latency,0.948311,0.350933,0.855746
