id,mean,std,median
inter_time_arrival,503.685,150.477,493.315
latency,1.41022,0.561797,1.27924
