id,mean,std,median
inter_time_arrival,499.726,9.42632,500.023
latency,0.588566,0.10684,0.56157
