id,mean,std,median
inter_time_arrival,499.119,3.10594,499.708
latency,0.20824,0.0665167,0.183378
