id,mean,std,median
inter_time_arrival,498.294,2.69404,497.934
latency,1.18013,0.681709,0.947972
