id,mean,std,median
inter_time_arrival,499.986,33.0069,500.054
latency,0.593038,0.27651,0.468353
