id,mean,std,median
inter_time_arrival,499.658,7.2778,499.487
latency,0.697989,0.275872,0.681691
