id,mean,std,median
inter_time_arrival,499.934,0.533825,499.894
latency,1.61099,0.402359,1.47025
