id,mean,std,median
inter_time_arrival,499.971,0.120971,499.987
latency,1.44773,0.131574,1.41678
