id,mean,std,median
inter_time_arrival,98.7427,187.721,4.14108
latency,0.37936,0.129222,0.348802
