id,mean,std,median
inter_time_arrival,499.97,0.702374,500.019
latency,0.926499,0.477126,0.790958
