id,mean,std,median
inter_time_arrival,312.248,282.412,431.354
latency,0.298968,0.24817,0.276362
