id,mean,std,median
inter_time_arrival,677.966,639.841,499.754
latency,0.234534,0.132598,0.18089
