id,mean,std,median
inter_time_arrival,500.011,0.489961,499.992
latency,1.59646,0.35449,1.40716
