id,mean,std,median
inter_time_arrival,499.83,11.2391,499.818
latency,0.331425,0.263789,0.289428
