id,mean,std,median
inter_time_arrival,500.176,5.85963,500.124
latency,0.722137,0.205874,0.660773
