id,mean,std,median
inter_time_arrival,249.123,226.231,186.389
latency,0.513085,0.380133,0.414245
