id,mean,std,median
inter_time_arrival,166.659,228.255,10.096
latency,0.381762,0.109914,0.397074
