id,mean,std,median
inter_time_arrival,499.958,0.334729,499.933
latency,0.87908,0.299399,0.82207
