id,mean,std,median
inter_time_arrival,98.7604,181.91,5.06116
latency,0.473323,0.225507,0.399201
