id,mean,std,median
inter_time_arrival,499.544,0.908891,499.598
latency,0.73004,0.211464,0.676069
