id,mean,std,median
inter_time_arrival,499.988,124.088,500.018
latency,0.282541,0.0789039,0.260737
