id,mean,std,median
inter_time_arrival,1223.95,935.378,945.18
latency,1.07038,0.750408,0.583923
