id,mean,std,median
inter_time_arrival,165.812,226.068,7.23304
latency,1.01321,0.630361,0.865775
