id,mean,std,median
inter_time_arrival,500.136,9.07994,500.017
latency,0.360729,0.191268,0.284834
