id,mean,std,median
inter_time_arrival,499.251,0.849223,499.441
latency,0.700482,0.0988287,0.67274
