id,mean,std,median
inter_time_arrival,500.075,63.8634,500.001
latency,0.561747,0.273268,0.41917
