id,mean,std,median
inter_time_arrival,499.964,0.177211,499.976
latency,0.585223,0.133487,0.558339
