id,mean,std,median
inter_time_arrival,498.319,6.92817,498.714
latency,1.37277,0.828973,1.17718
