id,mean,std,median
inter_time_arrival,124.658,179.761,20.2041
latency,0.48155,0.0924244,0.479011
