id,mean,std,median
inter_time_arrival,498.619,2.76892,498.934
latency,0.89449,0.507403,0.690408
