id,mean,std,median
inter_time_arrival,499.775,0.190538,499.765
latency,0.653884,0.102596,0.637855
