id,mean,std,median
inter_time_arrival,165.019,210.176,17.6732
latency,0.26103,0.124681,0.216577
