id,mean,std,median
inter_time_arrival,499.206,1.70838,499.199
latency,1.52911,0.740658,1.36803
