id,mean,std,median
inter_time_arrival,499.255,1.49711,499.546
latency,1.17039,0.823793,0.781124
