id,mean,std,median
inter_time_arrival,499.787,0.201184,499.791
latency,0.638157,0.108769,0.610277
