id,mean,std,median
inter_time_arrival,499.826,1.12906,499.792
latency,1.67011,0.709521,1.47588
