id,mean,std,median
inter_time_arrival,499.98,0.302549,499.995
latency,0.905367,0.189482,0.875045
