id,mean,std,median
inter_time_arrival,122.072,189.526,18.4143
latency,0.946499,0.354058,0.830914
