id,mean,std,median
inter_time_arrival,499.538,0.362961,499.478
latency,0.659924,0.210025,0.607477
