id,mean,std,median
inter_time_arrival,499.959,0.257605,499.99
latency,0.677796,0.252905,0.572003
