id,mean,std,median
inter_time_arrival,170.452,229.935,3.2807
latency,0.246397,0.090544,0.251997
