id,mean,std,median
inter_time_arrival,100,128.158,41.1503
latency,0.413405,0.0919328,0.405927
