id,mean,std,median
inter_time_arrival,98.1035,181.25,5.44966
latency,0.878198,0.281421,0.799844
