id,mean,std,median
inter_time_arrival,499.299,1.45833,499.469
latency,1.61042,0.717429,1.54093
