id,mean,std,median
inter_time_arrival,501.034,61.3386,499.952
latency,0.160792,0.104807,0.111848
