id,mean,std,median
inter_time_arrival,1156.46,1530.14,520.314
latency,0.205608,0.0796374,0.191528
