id,mean,std,median
inter_time_arrival,168.904,225.56,6.26417
latency,0.850547,0.291213,0.741189
