id,mean,std,median
inter_time_arrival,499.999,0.225114,499.982
latency,0.648569,0.162228,0.572715
