id,mean,std,median
inter_time_arrival,245.976,235.392,47.8057
latency,0.684391,0.270807,0.587491
