id,mean,std,median
inter_time_arrival,604.167,205.403,500.254
latency,0.403855,0.0789646,0.380781
