id,mean,std,median
inter_time_arrival,499.969,1.26018,499.991
latency,1.96204,0.783216,1.95511
