id,mean,std,median
inter_time_arrival,844.014,1400.42,499.186
latency,0.667047,0.472743,0.475597
