id,mean,std,median
inter_time_arrival,499.891,0.850076,499.982
latency,2.29242,0.59763,2.28465
