id,mean,std,median
inter_time_arrival,499.302,0.776788,499.48
latency,1.68119,0.412577,1.61937
