id,mean,std,median
inter_time_arrival,499.911,7.657,500.116
latency,0.589763,0.0992798,0.564258
