id,mean,std,median
inter_time_arrival,122.547,200.042,9.71994
latency,0.76736,0.634833,0.631877
