id,mean,std,median
inter_time_arrival,499.521,0.970544,499.389
latency,0.821425,0.439997,0.729501
