id,mean,std,median
inter_time_arrival,500.008,10.6485,498.793
latency,0.320259,0.138585,0.24736
