id,mean,std,median
inter_time_arrival,249.859,244.279,51.2245
latency,0.539515,0.408837,0.453261
