id,mean,std,median
inter_time_arrival,249.558,46.0121,236.62
latency,0.668811,0.213327,0.622723
