id,mean,std,median
inter_time_arrival,1167.02,815.782,968.055
latency,0.347565,0.212441,0.237716
