id,mean,std,median
inter_time_arrival,499.995,23.1996,500.074
latency,1.76327,0.391758,1.85031
