id,mean,std,median
inter_time_arrival,655.134,465.832,499.938
latency,1.37396,0.533597,1.28858
