id,mean,std,median
inter_time_arrival,500.014,0.311666,499.993
latency,0.790695,0.246404,0.732987
