id,mean,std,median
inter_time_arrival,499.747,0.237244,499.756
latency,0.59092,0.108735,0.576707
