id,mean,std,median
inter_time_arrival,499.536,0.773512,499.551
latency,0.885383,0.328451,0.816036
