id,mean,std,median
inter_time_arrival,498.942,110.745,499.281
latency,1.33833,0.969236,0.964229
