id,mean,std,median
inter_time_arrival,499.277,1.59229,499.347
latency,1.39809,0.706989,1.09588
