id,mean,std,median
inter_time_arrival,499.97,0.327006,499.963
latency,0.696603,0.207743,0.655399
