id,mean,std,median
inter_time_arrival,503.361,40.7388,499.833
latency,0.621979,0.195308,0.600066
