id,mean,std,median
inter_time_arrival,499.865,124.221,499.394
latency,1.73938,0.824177,1.51089
