id,mean,std,median
inter_time_arrival,743.549,531.903,583.995
latency,1.22825,0.668301,1.19808
