id,mean,std,median
inter_time_arrival,499.994,0.361578,500.018
latency,1.65934,0.367839,1.45217
