id,mean,std,median
inter_time_arrival,1370.93,1414.34,611.87
latency,0.327711,0.253953,0.204888
