id,mean,std,median
inter_time_arrival,499.976,42.572,500.032
latency,0.377772,0.208347,0.277025
