id,mean,std,median
inter_time_arrival,499.704,0.447547,499.604
latency,0.797862,0.288511,0.686327
