id,mean,std,median
inter_time_arrival,499.958,1.16396,499.987
latency,2.81149,0.835147,3.26914
