id,mean,std,median
inter_time_arrival,499.552,9.83225,498.503
latency,1.14468,1.33388,0.646773
