id,mean,std,median
inter_time_arrival,499.811,0.750234,500.003
latency,5.52758,1.01198,5.22969
