id,mean,std,median
inter_time_arrival,500.222,6.1262,500.186
latency,0.641248,0.224442,0.555617
