id,mean,std,median
inter_time_arrival,121.824,184.648,17.515
latency,0.53222,0.152301,0.494147
