id,mean,std,median
inter_time_arrival,553.544,290.391,533.97
latency,0.142838,0.166705,0.103336
