id,mean,std,median
inter_time_arrival,500.015,0.381424,500.026
latency,0.718597,0.277627,0.664879
