id,mean,std,median
inter_time_arrival,499.941,0.0607242,499.944
latency,0.179264,0.0206337,0.181939
