id,mean,std,median
inter_time_arrival,500.075,63.8197,500.004
latency,0.470435,0.254408,0.348002
