id,mean,std,median
inter_time_arrival,249.687,247.949,2.15342
latency,0.470607,0.103388,0.457859
