id,mean,std,median
inter_time_arrival,499.997,5.37372,499.992
latency,0.529307,0.147891,0.501749
