id,mean,std,median
inter_time_arrival,499.981,52.9091,499.927
latency,0.480426,0.159078,0.492505
