id,mean,std,median
inter_time_arrival,499.981,70.9274,500.021
latency,0.466635,0.102014,0.439745
