id,mean,std,median
inter_time_arrival,499.982,0.290341,499.996
latency,1.48363,0.201735,1.47017
