id,mean,std,median
inter_time_arrival,1525.39,1447.64,1156
latency,0.125607,0.115369,0.079295
