id,mean,std,median
inter_time_arrival,499.976,0.237889,499.97
latency,1.07107,0.155721,1.04172
