id,mean,std,median
inter_time_arrival,499.996,1.62606,499.693
latency,3.43341,0.985504,3.45822
