id,mean,std,median
inter_time_arrival,499.965,0.643951,499.881
latency,0.860789,0.379601,0.695143
