id,mean,std,median
inter_time_arrival,499.212,14.0703,499.803
latency,1.16129,0.668915,0.981413
