id,mean,std,median
inter_time_arrival,499.39,0.693977,499.412
latency,0.925057,0.334962,0.809476
