id,mean,std,median
inter_time_arrival,166.653,219.359,18.3994
latency,0.590194,0.208154,0.541571
