id,mean,std,median
inter_time_arrival,499.955,0.629148,499.999
latency,1.52443,0.48504,1.62986
