id,mean,std,median
inter_time_arrival,499.658,8.97724,499.193
latency,0.739089,0.369836,0.666563
