id,mean,std,median
inter_time_arrival,499.119,1.09178,498.865
latency,1.30042,0.544509,1.30379
