id,mean,std,median
inter_time_arrival,166.878,219.643,11.7701
latency,0.227268,0.042294,0.228193
