id,mean,std,median
inter_time_arrival,499.263,85.3191,498.678
latency,1.33933,1.00758,0.893125
