id,mean,std,median
inter_time_arrival,499.957,0.420367,500.018
latency,0.807227,0.259291,0.740451
