id,mean,std,median
inter_time_arrival,499.979,0.248911,499.99
latency,0.514029,0.132002,0.49212
