id,mean,std,median
inter_time_arrival,499.978,0.408819,500.004
latency,1.2398,0.340416,1.16977
