id,mean,std,median
inter_time_arrival,498.354,28.8212,500.903
latency,1.64952,0.821705,1.28272
