id,mean,std,median
inter_time_arrival,499.984,52.939,499.97
latency,0.458877,0.172362,0.452454
