id,mean,std,median
inter_time_arrival,499.983,0.229646,499.997
latency,0.594299,0.152118,0.562019
