id,mean,std,median
inter_time_arrival,163.302,213.121,17.2042
latency,0.156035,0.0553955,0.140865
