id,mean,std,median
inter_time_arrival,498.949,1.84956,499.367
latency,1.99334,0.919416,1.74433
