id,mean,std,median
inter_time_arrival,499.222,0.688606,499.096
latency,0.64218,0.386673,0.488845
