id,mean,std,median
inter_time_arrival,499.932,0.342084,500.014
latency,0.691612,0.242083,0.589091
