id,mean,std,median
inter_time_arrival,499.31,0.636162,499.395
latency,0.833008,0.416797,0.756791
