id,mean,std,median
inter_time_arrival,249.866,238.831,11.3407
latency,0.433763,0.108411,0.434568
