id,mean,std,median
inter_time_arrival,499.997,9.40435,500.041
latency,0.208095,0.073609,0.186561
