id,mean,std,median
inter_time_arrival,499.645,0.366954,499.602
latency,0.672108,0.169047,0.640972
