id,mean,std,median
inter_time_arrival,500.251,121.68,499.715
latency,0.599536,0.277157,0.49277
