id,mean,std,median
inter_time_arrival,499.982,0.331505,499.987
latency,0.550995,0.268582,0.565524
