id,mean,std,median
inter_time_arrival,124.695,207.199,5.62074
latency,0.518622,0.219486,0.442967
