id,mean,std,median
inter_time_arrival,276.535,282.016,124.453
latency,5.92475,0.825356,5.83057
