id,mean,std,median
inter_time_arrival,167.683,217.334,6.05167
latency,0.978502,0.789612,0.687586
