id,mean,std,median
inter_time_arrival,499.952,36.4764,499.296
latency,0.809215,0.600536,0.523362
