id,mean,std,median
inter_time_arrival,273.553,246.078,497.124
latency,0.978104,0.224572,0.927619
