id,mean,std,median
inter_time_arrival,499.982,1.10198,499.951
latency,6.79205,0.796083,6.96159
