id,mean,std,median
inter_time_arrival,499.639,0.690797,499.791
latency,0.735242,0.316905,0.572898
