id,mean,std,median
inter_time_arrival,499.992,0.0980901,499.981
latency,0.413231,0.0760084,0.404668
