id,mean,std,median
inter_time_arrival,499.79,0.605169,499.808
latency,0.432162,0.152666,0.386952
