id,mean,std,median
inter_time_arrival,499.701,0.624784,499.657
latency,1.09554,0.439847,0.999252
