id,mean,std,median
inter_time_arrival,508.521,179.718,500.722
latency,6.97605,0.865286,6.61424
