id,mean,std,median
inter_time_arrival,97.8664,154.171,24.3034
latency,0.178896,0.0525655,0.163361
