id,mean,std,median
inter_time_arrival,1358.07,1029.54,1074.37
latency,0.252722,0.156846,0.159262
