id,mean,std,median
inter_time_arrival,499.968,0.352114,499.998
latency,1.3634,0.263809,1.38034
