id,mean,std,median
inter_time_arrival,499.824,0.230374,499.815
latency,0.398578,0.0575252,0.389238
