id,mean,std,median
inter_time_arrival,500.675,8.9502,499.09
latency,0.361397,0.258459,0.260097
