id,mean,std,median
inter_time_arrival,499.416,1.2316,499.53
latency,0.762876,0.244814,0.683802
