id,mean,std,median
inter_time_arrival,500.104,10.3937,500.044
latency,0.551906,0.141203,0.509794
