id,mean,std,median
inter_time_arrival,499.991,0.180713,499.988
latency,0.562307,0.11255,0.55586
