id,mean,std,median
inter_time_arrival,508.773,65.4293,499.978
latency,2.27161,0.403128,2.27417
