id,mean,std,median
inter_time_arrival,499.955,0.317585,499.987
latency,1.54868,0.237207,1.45455
