id,mean,std,median
inter_time_arrival,500.592,37.3278,500.073
latency,0.218204,0.0635106,0.221094
