id,mean,std,median
inter_time_arrival,499.319,29.0939,499.228
latency,0.617676,0.29508,0.558712
