id,mean,std,median
inter_time_arrival,122.384,208.819,3.38401
latency,0.840508,0.377997,0.767558
