id,mean,std,median
inter_time_arrival,499.985,0.296954,499.994
latency,0.764457,0.206832,0.760291
