id,mean,std,median
inter_time_arrival,499.916,52.8668,500.014
latency,0.77057,0.425711,0.576866
