id,mean,std,median
inter_time_arrival,549.551,231.102,499.843
latency,1.94669,0.500606,2.02138
