id,mean,std,median
inter_time_arrival,499.986,0.127219,499.971
latency,0.527454,0.0690799,0.514142
