id,mean,std,median
inter_time_arrival,499.925,0.502482,499.988
latency,1.28536,0.442084,1.09332
