id,mean,std,median
inter_time_arrival,939.917,1284.97,499.792
latency,2.10537,0.951513,2.05527
