id,mean,std,median
inter_time_arrival,499.998,6.48835,499.996
latency,0.485903,0.109448,0.455938
