id,mean,std,median
inter_time_arrival,499.105,1.71594,499.423
latency,1.12765,0.933718,0.761614
