id,mean,std,median
inter_time_arrival,866.703,607.343,663.76
latency,0.204507,0.11695,0.143524
