id,mean,std,median
inter_time_arrival,503.709,150.615,492.94
latency,1.02337,0.453455,0.968805
