id,mean,std,median
inter_time_arrival,122.932,207.368,5.16484
latency,0.222378,0.135188,0.208796
