id,mean,std,median
inter_time_arrival,499.937,1.27639,499.948
latency,2.38471,0.807793,2.23241
