id,mean,std,median
inter_time_arrival,507.238,38.0196,499.976
latency,0.670322,0.241231,0.556197
