id,mean,std,median
inter_time_arrival,499.563,2.21573,499.541
latency,0.683826,0.346132,0.628089
