id,mean,std,median
inter_time_arrival,500.779,40.4236,499.985
latency,0.529815,0.308314,0.432022
