id,mean,std,median
inter_time_arrival,499.559,0.753659,499.693
latency,0.608368,0.317423,0.535304
