id,mean,std,median
inter_time_arrival,499.453,0.646023,499.583
latency,0.832744,0.353842,0.699867
