id,mean,std,median
inter_time_arrival,499.969,0.117688,500.006
latency,1.14179,0.148507,1.11524
