id,mean,std,median
inter_time_arrival,499.954,59.6947,500.26
latency,0.368449,0.377485,0.237065
