id,mean,std,median
inter_time_arrival,1996.11,2502.04,780.548
latency,0.257109,0.189409,0.116784
