id,mean,std,median
inter_time_arrival,521.306,150.356,500.255
latency,1.46818,0.762964,1.30547
