id,mean,std,median
inter_time_arrival,499.884,102.551,500.018
latency,0.614224,0.181453,0.558274
