id,mean,std,median
inter_time_arrival,498.493,0.646737,498.538
latency,1.53806,0.554746,1.40919
