id,mean,std,median
inter_time_arrival,245.362,245.677,22.2802
latency,0.746922,0.351638,0.666498
