id,mean,std,median
inter_time_arrival,499.477,0.925783,499.508
latency,0.882006,0.441185,0.74665
