id,mean,std,median
inter_time_arrival,500.186,11.104,499.956
latency,0.251935,0.0979959,0.219609
