id,mean,std,median
inter_time_arrival,499.443,28.9681,499.434
latency,0.938159,0.439705,0.885819
