id,mean,std,median
inter_time_arrival,499.974,29.8749,499.976
latency,0.488309,0.18072,0.466424
