id,mean,std,median
inter_time_arrival,499.563,0.848021,499.637
latency,0.22867,0.110725,0.194386
