id,mean,std,median
inter_time_arrival,499.996,0.0490823,499.997
latency,0.188609,0.0130716,0.186143
