id,mean,std,median
inter_time_arrival,498.969,1.07453,499.18
latency,0.890457,0.222986,0.809765
