id,mean,std,median
inter_time_arrival,502.754,108.976,499.981
latency,1.51414,1.23323,0.882469
