id,mean,std,median
inter_time_arrival,499.932,0.390077,499.987
latency,1.62499,0.325726,1.47376
