id,mean,std,median
inter_time_arrival,499.926,0.548987,499.963
latency,1.15186,0.572794,0.969221
