id,mean,std,median
inter_time_arrival,499.145,0.823023,499.223
latency,0.50947,0.231087,0.432803
