id,mean,std,median
inter_time_arrival,499.47,0.894354,499.642
latency,0.76708,0.261602,0.681093
