id,mean,std,median
inter_time_arrival,98.1357,191.767,3.45767
latency,0.897407,0.488569,0.772888
