id,mean,std,median
inter_time_arrival,163.146,218.076,10.664
latency,0.181945,0.0477118,0.172353
