id,mean,std,median
inter_time_arrival,499.989,11.0731,499.918
latency,0.576888,0.122263,0.563887
