id,mean,std,median
inter_time_arrival,499.937,0.322567,499.985
latency,1.48948,0.284235,1.41258
