id,mean,std,median
inter_time_arrival,499.745,1.58216,499.807
latency,0.204983,0.114806,0.162387
