id,mean,std,median
inter_time_arrival,166.661,224.393,9.46035
latency,0.185929,0.043884,0.187429
