id,mean,std,median
inter_time_arrival,500.31,8.30867,500.539
latency,0.373088,0.234149,0.280706
