id,mean,std,median
inter_time_arrival,499.814,0.316712,499.869
latency,0.365946,0.053635,0.377555
