id,mean,std,median
inter_time_arrival,254.587,235.08,447.069
latency,0.211909,0.0766515,0.192801
