id,mean,std,median
inter_time_arrival,499.977,0.95208,499.961
latency,1.25331,0.644662,1.18349
