id,mean,std,median
inter_time_arrival,499.085,1.82311,499.398
latency,0.835566,0.408387,0.701702
