id,mean,std,median
inter_time_arrival,499.517,78.7252,499.478
latency,0.738329,0.37443,0.555554
