id,mean,std,median
inter_time_arrival,499.951,17.8853,500.05
latency,0.510237,0.316925,0.374946
