id,mean,std,median
inter_time_arrival,499.976,0.288186,500.015
latency,0.683854,0.23405,0.575843
