id,mean,std,median
inter_time_arrival,499.98,0.233866,500.005
latency,0.779988,0.229413,0.693956
