id,mean,std,median
inter_time_arrival,499.991,0.381632,499.958
latency,0.674375,0.253245,0.581635
