id,mean,std,median
inter_time_arrival,500.435,11.3502,500.263
latency,1.56826,0.550925,1.38145
