id,mean,std,median
inter_time_arrival,99.9904,132.679,47.2036
latency,2.79308,4.87753,0.955494
