id,mean,std,median
inter_time_arrival,499.988,62.2298,499.686
latency,1.13535,0.444894,1.08871
