id,mean,std,median
inter_time_arrival,124.981,183.126,8.62388
latency,0.547701,0.224094,0.506882
