id,mean,std,median
inter_time_arrival,499.551,2.53807,499.667
latency,0.445457,0.388198,0.370715
