id,mean,std,median
inter_time_arrival,499.984,1.37226,500.031
latency,1.77172,0.962914,1.57493
