id,mean,std,median
inter_time_arrival,499.542,0.783238,499.771
latency,1.01743,0.569637,0.790411
