id,mean,std,median
inter_time_arrival,163.255,211.764,17.6499
latency,0.564446,0.254625,0.489794
