id,mean,std,median
inter_time_arrival,499.924,0.968529,499.973
latency,2.22458,0.65044,2.02476
