id,mean,std,median
inter_time_arrival,499.979,0.423355,499.952
latency,0.773227,0.308149,0.754443
