id,mean,std,median
inter_time_arrival,498.896,2.07324,499.743
latency,1.49079,0.729601,1.23204
