id,mean,std,median
inter_time_arrival,791.431,433.5,503.332
latency,0.860941,0.111857,0.873109
