id,mean,std,median
inter_time_arrival,500.195,33.4389,502.005
latency,0.894719,0.875606,0.661469
