id,mean,std,median
inter_time_arrival,168.892,235.192,1.32161
latency,0.310796,0.119139,0.328264
