id,mean,std,median
inter_time_arrival,498.018,56.7627,494.305
latency,1.16114,0.952989,0.764355
