id,mean,std,median
inter_time_arrival,499.963,0.307993,500.028
latency,0.80932,0.310128,0.748646
