id,mean,std,median
inter_time_arrival,499.97,0.774415,499.972
latency,2.05747,0.451956,2.20921
