id,mean,std,median
inter_time_arrival,499.38,0.807907,499.467
latency,0.775948,0.357803,0.643811
