id,mean,std,median
inter_time_arrival,499.942,27.7892,499.808
latency,1.59588,0.478805,1.58151
