id,mean,std,median
inter_time_arrival,166.661,216.859,21.3699
latency,0.427109,0.0972683,0.418308
