id,mean,std,median
inter_time_arrival,499.866,0.218342,499.879
latency,0.247029,0.0553069,0.239908
