id,mean,std,median
inter_time_arrival,498.66,1.36729,498.713
latency,1.14125,0.426963,0.999877
