id,mean,std,median
inter_time_arrival,249.755,221.089,29.294
latency,0.56997,0.169119,0.544452
