id,mean,std,median
inter_time_arrival,500.011,59.3621,504.153
latency,0.298386,0.227024,0.191121
