id,mean,std,median
inter_time_arrival,499.977,29.4375,499.87
latency,0.694935,0.321319,0.627186
