id,mean,std,median
inter_time_arrival,499.931,0.470627,500.004
latency,1.67109,0.41675,1.67857
