id,mean,std,median
inter_time_arrival,499.955,40.9425,499.964
latency,0.68667,0.36626,0.570633
