id,mean,std,median
inter_time_arrival,596.806,313.336,582.009
latency,6.33684,0.927084,6.12038
