id,mean,std,median
inter_time_arrival,499.965,1.11454,500.005
latency,2.09522,0.644155,1.99106
