id,mean,std,median
inter_time_arrival,499.946,0.35792,499.994
latency,2.31182,0.330244,2.29864
