id,mean,std,median
inter_time_arrival,638.105,322.059,556.397
latency,0.369614,0.116967,0.333615
