id,mean,std,median
inter_time_arrival,499.995,54.5563,500.158
latency,0.857913,0.335455,0.730501
