id,mean,std,median
inter_time_arrival,498.548,1.00345,498.641
latency,1.29613,0.628552,1.09786
