id,mean,std,median
inter_time_arrival,162.504,229.748,3.62936
latency,1.00378,0.669438,0.839795
