id,mean,std,median
inter_time_arrival,1631.76,2058.76,658.912
latency,0.255778,0.203578,0.156405
