id,mean,std,median
inter_time_arrival,499.203,1.69377,499.338
latency,1.71795,0.829313,1.70142
