id,mean,std,median
inter_time_arrival,500.026,7.74485,499.997
latency,0.576832,0.257784,0.523849
