id,mean,std,median
inter_time_arrival,533.322,153.866,498.063
latency,1.24999,0.540394,1.00836
