id,mean,std,median
inter_time_arrival,249.381,204.024,47.3448
latency,0.598584,0.261071,0.560984
