id,mean,std,median
inter_time_arrival,385.615,457.802,481.098
latency,4.27847,0.632097,4.28306
