id,mean,std,median
inter_time_arrival,245.565,236.352,34.0601
latency,0.580728,0.21576,0.526084
