id,mean,std,median
inter_time_arrival,500.069,4.57094,499.976
latency,0.589155,0.200043,0.533891
