id,mean,std,median
inter_time_arrival,499.938,59.6381,500.956
latency,0.382708,0.421403,0.247882
