id,mean,std,median
inter_time_arrival,499.971,108.165,499.305
latency,0.852903,0.298012,0.85055
