id,mean,std,median
inter_time_arrival,499.705,0.894104,499.883
latency,0.838061,0.393814,0.752318
