id,mean,std,median
inter_time_arrival,499.986,0.751713,499.91
latency,1.84704,0.564476,1.85864
