id,mean,std,median
inter_time_arrival,498.712,1.04434,498.592
latency,1.02837,0.526914,0.838791
