id,mean,std,median
inter_time_arrival,499.953,38.7037,499.971
latency,1.19317,0.402013,1.02061
