id,mean,std,median
inter_time_arrival,548.756,229.733,499.903
latency,7.57199,0.884515,7.53839
