id,mean,std,median
inter_time_arrival,499.977,0.808216,500.065
latency,2.02002,0.576392,1.94561
