id,mean,std,median
inter_time_arrival,500.02,0.353374,499.976
latency,0.661677,0.270804,0.570915
