id,mean,std,median
inter_time_arrival,166.296,206.716,39.391
latency,0.749763,0.328432,0.611683
