id,mean,std,median
inter_time_arrival,499.989,0.142382,499.988
latency,0.610619,0.105557,0.586562
