id,mean,std,median
inter_time_arrival,499.971,0.414621,500.013
latency,0.520115,0.22878,0.456878
