id,mean,std,median
inter_time_arrival,500.001,0.433504,499.994
latency,0.667537,0.274724,0.605956
