id,mean,std,median
inter_time_arrival,499.717,0.756991,499.756
latency,0.721157,0.35028,0.583625
