id,mean,std,median
inter_time_arrival,699.798,645.041,500.035
latency,7.89139,0.812167,7.68891
