id,mean,std,median
inter_time_arrival,499.543,0.84723,499.582
latency,0.850529,0.471375,0.648006
