id,mean,std,median
inter_time_arrival,499.965,0.462334,500.04
latency,1.01282,0.259263,0.955044
