id,mean,std,median
inter_time_arrival,499.978,8.86827,500.139
latency,0.399603,0.110877,0.37901
