id,mean,std,median
inter_time_arrival,385.955,473.955,485.549
latency,4.51663,0.466415,4.41828
