id,mean,std,median
inter_time_arrival,499.972,0.590136,499.973
latency,1.41566,0.296582,1.32964
