id,mean,std,median
inter_time_arrival,499.454,0.637201,499.46
latency,1.01532,0.405138,0.815107
