id,mean,std,median
inter_time_arrival,499.98,0.444235,500.004
latency,0.596643,0.328316,0.534986
