id,mean,std,median
inter_time_arrival,517.791,95.3966,500.009
latency,1.79951,0.437244,1.63521
