id,mean,std,median
inter_time_arrival,499.955,0.309084,499.962
latency,0.966315,0.237506,0.962152
