id,mean,std,median
inter_time_arrival,499.013,2.92204,499.038
latency,1.85508,0.838021,1.59261
