id,mean,std,median
inter_time_arrival,499.958,70.3889,499.652
latency,0.704222,0.374959,0.644452
