id,mean,std,median
inter_time_arrival,249.746,247.471,2.6531
latency,0.468333,0.0746834,0.458082
