id,mean,std,median
inter_time_arrival,499.948,42.9976,499.827
latency,0.568592,0.223984,0.480419
