id,mean,std,median
inter_time_arrival,499.48,2.02771,499.626
latency,0.505881,0.486513,0.390512
