id,mean,std,median
inter_time_arrival,499.741,0.423277,499.74
latency,0.4377,0.128273,0.411916
