id,mean,std,median
inter_time_arrival,533.485,154.086,499.296
latency,1.28744,0.706635,1.03949
