id,mean,std,median
inter_time_arrival,500.381,8.93666,500.366
latency,0.689689,0.318091,0.569826
