id,mean,std,median
inter_time_arrival,96.9778,186.45,3.80236
latency,0.554331,0.212697,0.512579
