id,mean,std,median
inter_time_arrival,502.143,150.763,500.007
latency,0.569186,0.116977,0.534946
