id,mean,std,median
inter_time_arrival,499.807,0.565439,499.8
latency,0.649713,0.245288,0.565374
