id,mean,std,median
inter_time_arrival,90.433,143.971,23.2796
latency,0.789336,0.609306,0.642732
