id,mean,std,median
inter_time_arrival,1485.78,2059.41,587.99
latency,0.557528,0.392912,0.50423
