id,mean,std,median
inter_time_arrival,499.99,0.218223,499.988
latency,0.599649,0.149297,0.55239
