id,mean,std,median
inter_time_arrival,499.855,0.648802,499.867
latency,0.639422,0.365829,0.478682
