id,mean,std,median
inter_time_arrival,499.62,0.449807,499.654
latency,0.764338,0.216114,0.740442
