id,mean,std,median
inter_time_arrival,500.059,1.01282,500.085
latency,2.35957,0.712544,2.18798
