id,mean,std,median
inter_time_arrival,499.965,93.4588,499.876
latency,1.72073,0.401858,1.63473
