id,mean,std,median
inter_time_arrival,499.752,0.63476,499.834
latency,0.403605,0.134465,0.393661
