id,mean,std,median
inter_time_arrival,498.901,2.36056,499.433
latency,1.33028,1.35007,0.954249
