id,mean,std,median
inter_time_arrival,499.846,8.01975,500.27
latency,0.724793,0.327494,0.591141
