id,mean,std,median
inter_time_arrival,499.728,1.23811,499.815
latency,0.204442,0.0710099,0.195007
