id,mean,std,median
inter_time_arrival,787.933,494.537,501.633
latency,2.69725,0.993638,2.63275
