id,mean,std,median
inter_time_arrival,873.836,740.913,892.302
latency,1.27707,0.317125,1.20775
