id,mean,std,median
inter_time_arrival,564.887,215.471,503.032
latency,1.39345,0.990732,0.961508
