id,mean,std,median
inter_time_arrival,499.703,1.20871,499.748
latency,0.586797,0.271497,0.544221
