id,mean,std,median
inter_time_arrival,499.533,1.22207,499.617
latency,0.793081,0.305026,0.681669
