id,mean,std,median
inter_time_arrival,499.857,0.253575,499.863
latency,0.389327,0.0991503,0.383457
