id,mean,std,median
inter_time_arrival,499.418,1.38937,499.421
latency,1.38585,0.686927,1.26855
