id,mean,std,median
inter_time_arrival,932.056,816.91,703.995
latency,0.231911,0.131638,0.179933
