id,mean,std,median
inter_time_arrival,499.487,2.70721,499.387
latency,0.657937,0.23804,0.570304
