id,mean,std,median
inter_time_arrival,499.994,0.236911,499.999
latency,0.556749,0.152688,0.507844
