id,mean,std,median
inter_time_arrival,499.056,89.0597,499.532
latency,0.4987,0.345116,0.411375
