id,mean,std,median
inter_time_arrival,1663.82,1665.36,1127.63
latency,0.229322,0.178816,0.127482
