id,mean,std,median
inter_time_arrival,980.809,804.014,698.378
latency,1.0893,0.754139,0.598143
