id,mean,std,median
inter_time_arrival,499.955,38.613,499.946
latency,0.973975,0.489943,0.693955
