id,mean,std,median
inter_time_arrival,499.338,1.73989,499.317
latency,1.13301,0.774984,0.84074
