id,mean,std,median
inter_time_arrival,499.888,1.30173,499.867
latency,9.19716,0.976251,9.45238
