id,mean,std,median
inter_time_arrival,501.231,93.7027,499.956
latency,0.286045,0.0951675,0.245569
