id,mean,std,median
inter_time_arrival,500.012,124.071,499.553
latency,1.28199,0.176277,1.23751
