id,mean,std,median
inter_time_arrival,253.676,228.367,214.739
latency,0.927917,0.371986,0.778533
