id,mean,std,median
inter_time_arrival,499.545,13.2784,499.633
latency,0.564198,0.340578,0.453819
