id,mean,std,median
inter_time_arrival,1440.68,2057.48,522.064
latency,1.57476,0.434055,1.45565
