id,mean,std,median
inter_time_arrival,499.998,25.459,500.236
latency,0.830346,0.172659,0.786116
