id,mean,std,median
inter_time_arrival,499.966,0.430362,499.99
latency,1.43002,0.263582,1.40085
