id,mean,std,median
inter_time_arrival,499.987,0.309282,500.019
latency,0.921511,0.254882,0.891108
