id,mean,std,median
inter_time_arrival,604.129,288.918,500.048
latency,1.93977,0.526658,1.82839
