id,mean,std,median
inter_time_arrival,1063.53,712.706,720.869
latency,0.542453,0.323455,0.321816
