id,mean,std,median
inter_time_arrival,499.296,1.57548,499.537
latency,0.869842,0.34224,0.713026
