id,mean,std,median
inter_time_arrival,533.338,177.524,499.294
latency,0.914929,0.303046,0.821636
