id,mean,std,median
inter_time_arrival,499.835,0.445061,499.814
latency,0.652787,0.191034,0.598037
