id,mean,std,median
inter_time_arrival,500.056,10.7687,500.057
latency,0.247806,0.0729433,0.227937
