id,mean,std,median
inter_time_arrival,499.406,1.94628,499.498
latency,1.29988,0.957765,1.13105
