id,mean,std,median
inter_time_arrival,499.959,0.488225,499.978
latency,0.921078,0.386832,0.77978
