id,mean,std,median
inter_time_arrival,499.972,0.274775,499.99
latency,0.723012,0.16193,0.665956
