id,mean,std,median
inter_time_arrival,706.813,775.429,499.837
latency,1.98757,0.806034,1.92964
