id,mean,std,median
inter_time_arrival,499.71,0.793544,499.888
latency,0.575579,0.432156,0.453218
