id,mean,std,median
inter_time_arrival,499.986,0.208037,499.992
latency,0.766311,0.141704,0.723359
