id,mean,std,median
inter_time_arrival,498.867,1.18981,498.971
latency,1.44661,0.557747,1.38132
