id,mean,std,median
inter_time_arrival,499.346,88.9726,499.805
latency,1.05068,1.13141,0.698429
