id,mean,std,median
inter_time_arrival,499.641,0.355127,499.652
latency,0.683991,0.152608,0.674629
