id,mean,std,median
inter_time_arrival,499.734,1.91498,499.83
latency,0.207881,0.0590087,0.196337
