id,mean,std,median
inter_time_arrival,499.979,0.121519,499.976
latency,0.529552,0.104971,0.508802
