id,mean,std,median
inter_time_arrival,499.995,8.34675,499.861
latency,0.522905,0.0621307,0.514527
