id,mean,std,median
inter_time_arrival,499.27,16.9532,499.372
latency,0.781243,0.386721,0.74849
