id,mean,std,median
inter_time_arrival,166.653,222.056,13.3634
latency,0.600651,0.183176,0.547042
