id,mean,std,median
inter_time_arrival,517.56,172.551,499.986
latency,0.190266,0.147379,0.172994
