id,mean,std,median
inter_time_arrival,499.861,124.553,499.838
latency,2.03585,0.855185,1.80065
