id,mean,std,median
inter_time_arrival,499.432,0.604103,499.45
latency,0.986106,0.396498,0.879698
