id,mean,std,median
inter_time_arrival,500.017,37.2066,500.006
latency,0.441113,0.144085,0.39405
