id,mean,std,median
inter_time_arrival,499.15,0.807084,499.085
latency,1.17217,0.451691,1.03981
