id,mean,std,median
inter_time_arrival,499.992,16.9517,499.986
latency,0.412298,0.0894298,0.379393
