id,mean,std,median
inter_time_arrival,499.422,1.15876,499.693
latency,0.834465,0.341959,0.68397
