id,mean,std,median
inter_time_arrival,249.988,230.766,19.529
latency,0.488072,0.112167,0.475555
