id,mean,std,median
inter_time_arrival,1336.49,920.189,1037.44
latency,1.74083,0.587541,1.53764
