id,mean,std,median
inter_time_arrival,499.766,0.544766,499.719
latency,0.264581,0.137528,0.191125
