id,mean,std,median
inter_time_arrival,498.806,1.53816,498.719
latency,1.89694,0.886181,1.82366
