id,mean,std,median
inter_time_arrival,127.591,187.485,17.8683
latency,0.269496,0.119285,0.239969
