id,mean,std,median
inter_time_arrival,499.655,0.622214,499.679
latency,1.00925,0.384677,0.89066
