id,mean,std,median
inter_time_arrival,500.238,44.6329,501.356
latency,1.17918,0.309025,1.08893
