id,mean,std,median
inter_time_arrival,499.972,0.630153,499.921
latency,1.12144,0.466328,0.930595
