id,mean,std,median
inter_time_arrival,499.898,0.342017,499.916
latency,0.299864,0.120973,0.27302
