id,mean,std,median
inter_time_arrival,518.083,93.6204,500.009
latency,6.48738,0.739123,5.98939
