id,mean,std,median
inter_time_arrival,585.614,516.016,499.477
latency,0.514733,0.305706,0.471544
