id,mean,std,median
inter_time_arrival,499.966,0.371463,500.016
latency,1.79197,0.277369,1.84932
