id,mean,std,median
inter_time_arrival,499.99,7.65274,499.901
latency,0.665762,0.120869,0.624158
