id,mean,std,median
inter_time_arrival,499.964,0.162754,499.969
latency,0.575747,0.127231,0.537314
