id,mean,std,median
inter_time_arrival,499.987,0.884926,499.985
latency,1.64441,0.619211,1.48859
