id,mean,std,median
inter_time_arrival,499.952,0.300534,499.985
latency,1.34814,0.216879,1.34013
