id,mean,std,median
inter_time_arrival,98.6521,196.422,1.28334
latency,0.385666,0.552526,0.32627
