id,mean,std,median
inter_time_arrival,499.959,0.455144,500
latency,0.617078,0.269703,0.488508
