id,mean,std,median
inter_time_arrival,1137.7,907.593,815.941
latency,0.621996,0.397462,0.377026
