id,mean,std,median
inter_time_arrival,499.696,0.778098,499.596
latency,0.741208,0.365799,0.602621
