id,mean,std,median
inter_time_arrival,499.202,1.20426,499.471
latency,0.761748,0.119024,0.753029
