id,mean,std,median
inter_time_arrival,500.291,6.5013,499.908
latency,0.649258,0.266049,0.585284
