id,mean,std,median
inter_time_arrival,517.69,166.672,500.251
latency,0.681621,0.211697,0.597027
