id,mean,std,median
inter_time_arrival,499.469,13.5782,499.051
latency,1.20642,0.616714,0.979013
