id,mean,std,median
inter_time_arrival,1385.46,977.289,1032.48
latency,0.634141,0.626842,0.375869
