id,mean,std,median
inter_time_arrival,1464.78,1817.25,616.761
latency,0.382944,0.289066,0.400472
