id,mean,std,median
inter_time_arrival,501.322,37.3165,503.194
latency,6.40088,0.593284,6.12262
