id,mean,std,median
inter_time_arrival,124.735,198.404,10.9067
latency,0.667205,0.40092,0.564035
