id,mean,std,median
inter_time_arrival,499.954,0.425861,499.99
latency,1.45073,0.279101,1.38271
