id,mean,std,median
inter_time_arrival,499.98,0.432152,500.028
latency,0.565696,0.23212,0.479177
