id,mean,std,median
inter_time_arrival,499.61,6.78985,499.653
latency,0.850599,0.412187,0.697667
