id,mean,std,median
inter_time_arrival,548.874,226.969,500.022
latency,5.85426,0.636216,5.82677
