id,mean,std,median
inter_time_arrival,500.002,10.3308,500.53
latency,0.50939,0.417501,0.379892
