id,mean,std,median
inter_time_arrival,499.694,0.97608,499.891
latency,0.691016,0.275227,0.608739
