id,mean,std,median
inter_time_arrival,1370.92,1414.26,611.884
latency,0.465251,0.330361,0.307212
