id,mean,std,median
inter_time_arrival,499.79,0.222931,499.742
latency,0.632228,0.131083,0.603551
