id,mean,std,median
inter_time_arrival,164.391,217.713,12.7648
latency,0.734462,0.387538,0.603651
