id,mean,std,median
inter_time_arrival,499.989,0.139359,499.99
latency,0.741651,0.0877774,0.712162
