id,mean,std,median
inter_time_arrival,499.757,0.705185,499.824
latency,0.690319,0.283139,0.581606
