id,mean,std,median
inter_time_arrival,99.9959,190.684,5.21402
latency,0.185821,0.0428553,0.186985
