id,mean,std,median
inter_time_arrival,499.898,52.4674,499.714
latency,1.22646,0.587177,1.10503
