id,mean,std,median
inter_time_arrival,499.921,70.0723,499.831
latency,1.36203,0.563722,1.17239
