id,mean,std,median
inter_time_arrival,499.344,7.49577,498.82
latency,0.828247,0.421225,0.686307
