id,mean,std,median
inter_time_arrival,499.965,0.955224,500.042
latency,1.28593,0.62881,1.10939
