id,mean,std,median
inter_time_arrival,516.238,227.096,497.947
latency,1.49314,0.677003,1.31914
