id,mean,std,median
inter_time_arrival,499.953,0.454491,500.031
latency,2.68709,0.281145,2.60343
