id,mean,std,median
inter_time_arrival,124.827,154.638,26.6321
latency,0.413323,0.0948513,0.416624
