id,mean,std,median
inter_time_arrival,1367.52,1620.28,499.908
latency,0.475383,0.38286,0.396033
