id,mean,std,median
inter_time_arrival,499.951,0.119219,499.957
latency,0.261862,0.0640327,0.241702
