id,mean,std,median
inter_time_arrival,499.938,45.2977,500.199
latency,0.812699,0.528334,0.524932
