id,mean,std,median
inter_time_arrival,164.892,215.337,11.5826
latency,0.568186,0.332574,0.460866
