id,mean,std,median
inter_time_arrival,499.766,14.2378,499.727
latency,0.248745,0.0870407,0.225421
