id,mean,std,median
inter_time_arrival,249.989,230.197,19.986
latency,0.381559,0.095384,0.357409
