id,mean,std,median
inter_time_arrival,499.477,0.844911,499.598
latency,0.799533,0.225683,0.720898
