id,mean,std,median
inter_time_arrival,499.952,0.693023,499.893
latency,2.00566,0.541025,2.17622
