id,mean,std,median
inter_time_arrival,500.066,0.800819,500.102
latency,1.22094,0.580244,1.15069
