id,mean,std,median
inter_time_arrival,174.187,222.333,19.9426
latency,0.23119,0.106911,0.207309
