id,mean,std,median
inter_time_arrival,498.941,5.61269,499.208
latency,0.664941,0.434136,0.55056
