id,mean,std,median
inter_time_arrival,99.672,185.916,7.18378
latency,0.436201,0.125194,0.394742
