id,mean,std,median
inter_time_arrival,499.979,73.9236,499.964
latency,0.537373,0.206587,0.456196
