id,mean,std,median
inter_time_arrival,720.288,547.379,499.99
latency,0.383618,0.240872,0.37296
