id,mean,std,median
inter_time_arrival,499.983,0.335003,499.989
latency,0.533509,0.27266,0.404592
