id,mean,std,median
inter_time_arrival,499.373,0.837056,499.337
latency,0.81667,0.327486,0.725699
