id,mean,std,median
inter_time_arrival,499.935,0.0764091,499.941
latency,0.18621,0.0329796,0.178979
