id,mean,std,median
inter_time_arrival,126.083,207.602,10.1676
latency,0.597321,0.234689,0.495042
