id,mean,std,median
inter_time_arrival,550.845,304.405,499.111
latency,0.545137,0.270939,0.415072
