id,mean,std,median
inter_time_arrival,499.276,2.03664,499.501
latency,0.333685,0.261142,0.219703
