id,mean,std,median
inter_time_arrival,499.968,0.224805,499.96
latency,1.31553,0.187547,1.27863
