id,mean,std,median
inter_time_arrival,499.964,0.222292,499.982
latency,1.44726,0.166958,1.39781
