id,mean,std,median
inter_time_arrival,164.824,229.684,3.07714
latency,0.201104,0.239346,0.150039
