id,mean,std,median
inter_time_arrival,501.748,53.2653,499.506
latency,0.59082,0.138156,0.559234
