id,mean,std,median
inter_time_arrival,1996.11,2502.07,780.562
latency,0.247149,0.172472,0.131484
