id,mean,std,median
inter_time_arrival,499.968,0.354345,500.006
latency,0.950003,0.213728,0.901188
