id,mean,std,median
inter_time_arrival,282.999,254.805,343.573
latency,9.24042,66.0307,0.117549
