id,mean,std,median
inter_time_arrival,500.347,81.2235,500.048
latency,0.424053,0.107392,0.394434
