id,mean,std,median
inter_time_arrival,1406.69,2245.12,500.062
latency,1.11901,0.510168,1.24771
