id,mean,std,median
inter_time_arrival,579.816,392.418,499.912
latency,2.98112,0.913491,3.05735
