id,mean,std,median
inter_time_arrival,499.822,0.935951,499.787
latency,0.65049,0.449003,0.540962
