id,mean,std,median
inter_time_arrival,98.7097,188.07,5.57783
latency,0.302841,0.107306,0.282023
