id,mean,std,median
inter_time_arrival,498.815,2.53595,498.883
latency,1.15374,0.709684,0.899219
