id,mean,std,median
inter_time_arrival,499.665,0.52234,499.671
latency,0.89851,0.331814,0.816034
