id,mean,std,median
inter_time_arrival,1106.32,691.089,992.62
latency,0.595201,0.363098,0.384969
