id,mean,std,median
inter_time_arrival,499.986,0.352394,500.033
latency,0.97276,0.232246,0.957542
