id,mean,std,median
inter_time_arrival,500.021,0.66415,499.979
latency,1.05045,0.442246,1.04187
