id,mean,std,median
inter_time_arrival,498.742,16.6534,501.464
latency,0.997082,0.454558,0.792388
