id,mean,std,median
inter_time_arrival,922.755,717.485,536.648
latency,0.3942,0.351474,0.236966
