id,mean,std,median
inter_time_arrival,499.962,0.67344,499.873
latency,0.983041,0.467398,0.875899
