id,mean,std,median
inter_time_arrival,499.837,0.377791,499.91
latency,0.626852,0.193428,0.639126
