id,mean,std,median
inter_time_arrival,1367.54,1620.28,500.041
latency,0.46931,0.358395,0.425018
