id,mean,std,median
inter_time_arrival,499.945,0.495695,499.996
latency,1.85888,0.395464,1.88567
