id,mean,std,median
inter_time_arrival,162.525,220.724,10.3859
latency,0.779109,0.41224,0.671751
