id,mean,std,median
inter_time_arrival,655.137,465.684,500.019
latency,1.84172,0.568601,1.85221
