id,mean,std,median
inter_time_arrival,500.892,150.802,499.805
latency,1.38019,0.435201,1.22535
