id,mean,std,median
inter_time_arrival,164.887,206.229,13.6782
latency,0.420453,0.159257,0.379875
