id,mean,std,median
inter_time_arrival,499.388,0.80715,499.44
latency,0.946572,0.382931,0.78298
