id,mean,std,median
inter_time_arrival,498.782,0.787669,498.434
latency,0.75247,0.468425,0.525684
