id,mean,std,median
inter_time_arrival,499.019,16.7353,501.311
latency,0.996923,0.367313,0.876164
