id,mean,std,median
inter_time_arrival,500.067,26.308,499.979
latency,0.849611,0.331345,0.779026
