id,mean,std,median
inter_time_arrival,499.512,0.844906,499.539
latency,0.679421,0.201087,0.678481
