id,mean,std,median
inter_time_arrival,498.538,2.67708,498.786
latency,0.852975,0.44372,0.661667
