id,mean,std,median
inter_time_arrival,499.963,0.305536,499.991
latency,0.526514,0.151867,0.488835
