id,mean,std,median
inter_time_arrival,499.008,0.679143,498.901
latency,0.613213,0.258552,0.530952
