id,mean,std,median
inter_time_arrival,499.886,131.037,498.371
latency,1.19788,0.997708,0.747876
