id,mean,std,median
inter_time_arrival,498.84,2.04692,499.423
latency,1.04669,0.480075,0.870808
