id,mean,std,median
inter_time_arrival,499.677,9.36779,499.621
latency,0.64203,0.285265,0.602342
