id,mean,std,median
inter_time_arrival,500.01,0.57897,499.974
latency,0.723016,0.334926,0.588681
