id,mean,std,median
inter_time_arrival,124.037,189.3,5.00054
latency,0.844487,0.275388,0.742629
