id,mean,std,median
inter_time_arrival,500.861,150.791,499.842
latency,1.59157,0.560594,1.43287
