id,mean,std,median
inter_time_arrival,499.948,0.605792,499.936
latency,0.9843,0.475927,0.858799
