id,mean,std,median
inter_time_arrival,499.94,52.8025,499.983
latency,0.799913,1.73426,0.360674
