id,mean,std,median
inter_time_arrival,1302.17,1420.19,776.039
latency,0.399401,0.313995,0.32828
