id,mean,std,median
inter_time_arrival,499.581,126.955,499.537
latency,0.720309,0.348355,0.544418
