id,mean,std,median
inter_time_arrival,1428.42,1687.55,500.116
latency,0.26312,0.167179,0.19722
