id,mean,std,median
inter_time_arrival,499.946,0.754107,499.954
latency,1.35364,0.559832,1.12512
