id,mean,std,median
inter_time_arrival,499.789,0.567676,499.842
latency,0.413255,0.139472,0.374163
