id,mean,std,median
inter_time_arrival,528.223,118.304,499.999
latency,1.65253,0.282177,1.65383
