id,mean,std,median
inter_time_arrival,499.684,1.58168,499.811
latency,0.220652,0.0853901,0.180501
