id,mean,std,median
inter_time_arrival,499.232,1.73258,499.55
latency,0.907026,0.374497,0.791139
