id,mean,std,median
inter_time_arrival,124.995,156.092,53.8425
latency,0.424201,0.0816548,0.414641
