id,mean,std,median
inter_time_arrival,744.927,439.48,669.166
latency,0.152247,0.201263,0.077276
