id,mean,std,median
inter_time_arrival,499.859,0.554337,499.984
latency,5.46585,0.762734,5.26005
