id,mean,std,median
inter_time_arrival,499.315,1.95717,499.473
latency,1.58068,0.821148,1.37373
