id,mean,std,median
inter_time_arrival,1241.93,1087.39,940.032
latency,0.164631,0.0885171,0.136821
