id,mean,std,median
inter_time_arrival,499.581,0.551875,499.475
latency,0.937331,0.317926,0.870904
