id,mean,std,median
inter_time_arrival,502.343,36.0199,499.756
latency,0.786681,0.261623,0.806843
