id,mean,std,median
inter_time_arrival,999.6,971.344,504.451
latency,0.343491,0.400434,0.218696
