id,mean,std,median
inter_time_arrival,498.689,1.03606,498.583
latency,0.517129,0.225539,0.421102
