id,mean,std,median
inter_time_arrival,499.971,0.715356,499.968
latency,1.85631,0.531222,1.94315
