id,mean,std,median
inter_time_arrival,499.982,0.379083,499.994
latency,0.515338,0.287179,0.468408
