id,mean,std,median
inter_time_arrival,499.439,0.745416,499.312
latency,1.04759,0.526122,0.857134
