id,mean,std,median
inter_time_arrival,499.997,40.3716,500.248
latency,0.541549,0.231738,0.499467
