id,mean,std,median
inter_time_arrival,121.941,192.549,4.25048
latency,0.366697,0.49949,0.277377
