id,mean,std,median
inter_time_arrival,99.77,191.535,5.17588
latency,0.226735,0.176168,0.183099
