id,mean,std,median
inter_time_arrival,499.959,0.820426,499.999
latency,1.6034,0.555891,1.51385
