id,mean,std,median
inter_time_arrival,499.799,0.925779,499.973
latency,6.04278,1.23179,5.57654
