id,mean,std,median
inter_time_arrival,499.978,0.18717,499.985
latency,0.517181,0.11825,0.473217
