id,mean,std,median
inter_time_arrival,499.315,1.64741,499.615
latency,1.34407,0.723638,1.18266
