id,mean,std,median
inter_time_arrival,498.438,1.89453,498.776
latency,2.05402,0.978854,1.79012
