id,mean,std,median
inter_time_arrival,534.366,190.016,501.802
latency,6.59323,0.824237,6.29188
