id,mean,std,median
inter_time_arrival,502.49,55.8837,506.817
latency,0.735054,0.378577,0.897484
