id,mean,std,median
inter_time_arrival,499.829,0.711194,499.984
latency,5.48897,0.886579,5.27439
