id,mean,std,median
inter_time_arrival,280.521,236.153,336.626
latency,0.328527,0.169956,0.337476
