id,mean,std,median
inter_time_arrival,499.996,13.9237,500.107
latency,0.297082,0.173854,0.23337
