id,mean,std,median
inter_time_arrival,499.971,0.366198,500.014
latency,0.771081,0.274881,0.658182
