id,mean,std,median
inter_time_arrival,499.538,0.89329,499.621
latency,0.868091,0.510237,0.669484
