id,mean,std,median
inter_time_arrival,499.356,1.29594,499.261
latency,0.953272,0.402202,0.756387
