id,mean,std,median
inter_time_arrival,499.26,0.785124,499.438
latency,0.666427,0.0418178,0.66499
