id,mean,std,median
inter_time_arrival,499.926,0.521629,499.995
latency,1.31375,0.421667,1.29645
