id,mean,std,median
inter_time_arrival,534.493,298.267,500.005
latency,2.42346,0.917767,2.25974
