id,mean,std,median
inter_time_arrival,500.721,8.40984,500.102
latency,0.494902,0.170331,0.478723
