id,mean,std,median
inter_time_arrival,500.081,3.19957,499.975
latency,2.55678,0.405113,2.63949
