id,mean,std,median
inter_time_arrival,499.392,1.72606,499.498
latency,0.62731,0.574034,0.458653
