id,mean,std,median
inter_time_arrival,873.398,704.987,500.748
latency,0.328427,0.232169,0.307331
