id,mean,std,median
inter_time_arrival,499.961,42.4709,499.994
latency,0.846892,0.437518,0.685764
