id,mean,std,median
inter_time_arrival,499.95,0.486774,499.897
latency,1.85784,0.432023,1.82144
