id,mean,std,median
inter_time_arrival,499.976,0.340633,500.02
latency,1.39293,0.248624,1.32545
