id,mean,std,median
inter_time_arrival,127.189,211.259,3.70354
latency,0.387173,0.0851407,0.382778
