id,mean,std,median
inter_time_arrival,499.79,0.177757,499.792
latency,0.633992,0.109093,0.596383
