id,mean,std,median
inter_time_arrival,1330.12,847.75,1179.36
latency,0.219536,0.138312,0.143515
