id,mean,std,median
inter_time_arrival,500.215,39.4983,500.071
latency,1.03244,0.300532,0.951876
