id,mean,std,median
inter_time_arrival,249.289,247.74,2.23118
latency,0.67789,0.193195,0.639971
