id,mean,std,median
inter_time_arrival,499.974,48.2187,499.914
latency,0.411123,0.204933,0.321762
