id,mean,std,median
inter_time_arrival,499.638,1.22729,499.549
latency,0.767361,0.264643,0.652771
