id,mean,std,median
inter_time_arrival,500.312,6.62111,500.119
latency,0.670268,0.324155,0.593092
