id,mean,std,median
inter_time_arrival,499.963,0.18577,499.987
latency,1.43985,0.151281,1.39618
