id,mean,std,median
inter_time_arrival,499.943,0.496071,499.927
latency,0.930988,0.370533,0.798372
