id,mean,std,median
inter_time_arrival,1817.22,2028.5,1104.53
latency,0.290979,0.267633,0.155872
