id,mean,std,median
inter_time_arrival,506.661,153.251,499.936
latency,0.676059,0.361025,0.503587
