id,mean,std,median
inter_time_arrival,499.757,0.228507,499.809
latency,0.395769,0.0770535,0.384177
