id,mean,std,median
inter_time_arrival,499.335,1.81036,499.543
latency,1.17012,0.705787,0.903453
