id,mean,std,median
inter_time_arrival,499.219,2.00969,499.471
latency,1.38678,0.690731,1.08932
