id,mean,std,median
inter_time_arrival,499.962,0.188936,499.99
latency,1.11919,0.155202,1.08484
