id,mean,std,median
inter_time_arrival,254.442,218.84,247.402
latency,0.501992,0.227684,0.430587
