id,mean,std,median
inter_time_arrival,517.658,140.737,499.857
latency,0.224713,0.105923,0.227254
