id,mean,std,median
inter_time_arrival,499.962,42.4677,499.986
latency,0.640383,0.423206,0.542594
