id,mean,std,median
inter_time_arrival,1552.54,1737.71,653.593
latency,0.325454,0.282883,0.152836
