id,mean,std,median
inter_time_arrival,499.784,4.65965,500.198
latency,0.666725,0.463959,0.578976
