id,mean,std,median
inter_time_arrival,503.357,40.7428,499.847
latency,0.718977,0.198318,0.704195
