id,mean,std,median
inter_time_arrival,508.633,179.793,501.651
latency,3.67515,0.640248,3.34891
