id,mean,std,median
inter_time_arrival,163.233,213.883,16.4331
latency,0.618299,0.230455,0.54275
