id,mean,std,median
inter_time_arrival,498.938,1.07869,498.999
latency,1.40707,0.683177,1.19847
