id,mean,std,median
inter_time_arrival,1350.39,1103.06,1114
latency,0.263629,0.179989,0.21409
