id,mean,std,median
inter_time_arrival,249.952,241.231,48.856
latency,0.187934,0.0315439,0.190888
