id,mean,std,median
inter_time_arrival,498.73,1.91949,499.198
latency,1.13629,0.513504,0.889092
