id,mean,std,median
inter_time_arrival,499.946,78.2715,499.877
latency,1.17549,0.62209,0.870854
