id,mean,std,median
inter_time_arrival,499.548,0.728768,499.653
latency,0.621938,0.152049,0.57171
