id,mean,std,median
inter_time_arrival,713.08,491.251,500.243
latency,0.353164,0.222338,0.373576
