id,mean,std,median
inter_time_arrival,499.993,0.0437063,499.996
latency,0.245039,0.0283184,0.239542
