id,mean,std,median
inter_time_arrival,559.809,162.146,499.967
latency,5.78584,0.476277,5.67223
