id,mean,std,median
inter_time_arrival,500.87,16.592,499.909
latency,0.532286,0.295804,0.351202
