id,mean,std,median
inter_time_arrival,509.14,88.5638,500.012
latency,0.614038,0.350165,0.521316
