id,mean,std,median
inter_time_arrival,499.977,0.445197,500.017
latency,1.82665,0.442061,1.66455
