id,mean,std,median
inter_time_arrival,585.429,515.758,499.467
latency,0.416996,0.263229,0.268963
