id,mean,std,median
inter_time_arrival,249.985,248.726,1.41676
latency,0.383741,0.103328,0.392619
