id,mean,std,median
inter_time_arrival,97.4462,172.407,5.37198
latency,0.324535,0.11527,0.304545
