id,mean,std,median
inter_time_arrival,658.342,438.31,499.917
latency,0.230893,0.143018,0.17812
