id,mean,std,median
inter_time_arrival,249.287,242.538,9.04721
latency,0.765639,0.29078,0.662179
