id,mean,std,median
inter_time_arrival,499.966,0.17118,499.978
latency,0.716072,0.136778,0.676641
