id,mean,std,median
inter_time_arrival,100.031,193.638,3.11752
latency,0.677199,0.802251,0.511037
