id,mean,std,median
inter_time_arrival,98.515,157.185,20.8543
latency,0.251399,0.13013,0.203777
