id,mean,std,median
inter_time_arrival,499.97,0.340656,499.957
latency,0.916026,0.200809,0.89226
