id,mean,std,median
inter_time_arrival,499.95,43.0432,499.843
latency,0.686921,0.203075,0.661668
