id,mean,std,median
inter_time_arrival,499.941,0.927959,499.962
latency,3.44292,0.514433,3.4635
