id,mean,std,median
inter_time_arrival,686.932,937.861,444.479
latency,3.63644,0.558287,3.46526
