id,mean,std,median
inter_time_arrival,499.962,0.20657,499.995
latency,1.36385,0.202862,1.30845
