id,mean,std,median
inter_time_arrival,499.982,18.9581,499.688
latency,0.41627,0.10635,0.422609
