id,mean,std,median
inter_time_arrival,130.357,197.426,20.1401
latency,0.703083,0.283536,0.619556
