id,mean,std,median
inter_time_arrival,249.637,231.778,18.9973
latency,0.730899,0.24029,0.641091
