id,mean,std,median
inter_time_arrival,502.078,37.7354,500.292
latency,0.409634,0.168927,0.344962
