id,mean,std,median
inter_time_arrival,499.989,11.3724,499.773
latency,0.184062,0.0640138,0.190436
