id,mean,std,median
inter_time_arrival,1189.65,1450.11,500.051
latency,1.66742,0.720703,1.74721
