id,mean,std,median
inter_time_arrival,498.616,1.26698,498.618
latency,1.32395,0.592286,1.14391
