id,mean,std,median
inter_time_arrival,1697.95,1634.06,1203.22
latency,0.242953,0.220322,0.141738
