id,mean,std,median
inter_time_arrival,498.568,2.34938,499.058
latency,1.23837,0.592954,1.09991
