id,mean,std,median
inter_time_arrival,1465.49,1996.09,518.308
latency,0.319607,0.227659,0.139393
