id,mean,std,median
inter_time_arrival,500.004,0.571955,499.998
latency,0.427497,0.11164,0.400717
