id,mean,std,median
inter_time_arrival,123.945,213.358,1.38466
latency,0.333329,0.117467,0.336972
