id,mean,std,median
inter_time_arrival,499.977,0.274542,499.938
latency,0.796673,0.300756,0.682562
