id,mean,std,median
inter_time_arrival,499.93,0.617931,499.937
latency,2.02368,0.549776,2.20024
