id,mean,std,median
inter_time_arrival,166.176,115.507,93.5933
latency,0.589018,0.144965,0.568942
