id,mean,std,median
inter_time_arrival,249.985,243.434,6.71496
latency,0.402136,0.11035,0.405112
