id,mean,std,median
inter_time_arrival,499.752,0.689245,499.72
latency,0.271488,0.181256,0.19317
