id,mean,std,median
inter_time_arrival,499.959,0.205879,499.979
latency,1.35548,0.183446,1.31885
