id,mean,std,median
inter_time_arrival,499.466,79.0464,499.533
latency,0.898197,0.371264,0.78986
