id,mean,std,median
inter_time_arrival,708.416,562.312,532.033
latency,0.0786324,0.0365355,0.061422
