id,mean,std,median
inter_time_arrival,1167.67,1096.53,883.789
latency,0.197071,0.159047,0.173501
