id,mean,std,median
inter_time_arrival,500.176,39.4626,500.029
latency,0.885909,0.28083,0.788995
