id,mean,std,median
inter_time_arrival,499.967,0.416599,499.983
latency,1.3954,0.240586,1.39498
