id,mean,std,median
inter_time_arrival,499.987,6.3332,500.305
latency,0.21659,0.0543481,0.209089
