id,mean,std,median
inter_time_arrival,499.772,2.541,499.662
latency,0.237696,0.126077,0.171039
