id,mean,std,median
inter_time_arrival,499.983,0.212274,499.972
latency,0.632103,0.120394,0.63192
