id,mean,std,median
inter_time_arrival,1817.23,2028.49,1104.54
latency,0.309416,0.240336,0.184602
