id,mean,std,median
inter_time_arrival,97.3445,161.806,18.2169
latency,0.565389,0.206415,0.523171
