id,mean,std,median
inter_time_arrival,499.967,0.295609,500.023
latency,1.88495,0.266646,1.79308
