id,mean,std,median
inter_time_arrival,99.9961,135.378,40.1072
latency,0.415512,0.0945134,0.401424
