id,mean,std,median
inter_time_arrival,98.3065,171.295,13.1427
latency,0.337893,0.14015,0.290882
