id,mean,std,median
inter_time_arrival,97.4516,182.91,5.47938
latency,0.245618,0.0683492,0.229761
