id,mean,std,median
inter_time_arrival,500.001,125.448,500.078
latency,0.861562,0.320204,0.833571
