id,mean,std,median
inter_time_arrival,500.026,0.986582,500.04
latency,1.18885,0.678473,0.930294
