id,mean,std,median
inter_time_arrival,168.585,217.547,11.6031
latency,4.63865,10.0428,0.993315
