id,mean,std,median
inter_time_arrival,499.944,0.332285,499.943
latency,0.200275,0.115253,0.163474
