id,mean,std,median
inter_time_arrival,499.538,2.57436,499.723
latency,0.247643,0.105192,0.183452
