id,mean,std,median
inter_time_arrival,499.763,0.436477,499.81
latency,0.406422,0.112243,0.391604
