id,mean,std,median
inter_time_arrival,499.99,0.149647,499.988
latency,0.465461,0.0715215,0.466699
