id,mean,std,median
inter_time_arrival,500.828,23.4055,498.562
latency,1.78651,1.31553,0.949029
