id,mean,std,median
inter_time_arrival,500.053,22.7173,498.592
latency,1.35828,1.04186,0.931781
