id,mean,std,median
inter_time_arrival,499.945,0.363054,499.976
latency,1.43465,0.277025,1.38056
