id,mean,std,median
inter_time_arrival,499.043,20.6621,499.119
latency,2.06993,0.810209,1.93399
