id,mean,std,median
inter_time_arrival,603.987,249.284,499.948
latency,2.04457,0.804994,1.77636
