id,mean,std,median
inter_time_arrival,499.64,0.915635,499.824
latency,0.832481,0.356012,0.769419
