id,mean,std,median
inter_time_arrival,499.993,0.232188,499.971
latency,0.64841,0.134482,0.620035
