id,mean,std,median
inter_time_arrival,176.448,233.268,5.64566
latency,0.425305,0.268585,0.378452
