id,mean,std,median
inter_time_arrival,125.001,143.18,27.878
latency,0.412173,0.0495057,0.405198
