id,mean,std,median
inter_time_arrival,498.802,4.01571,498.746
latency,1.09101,0.611319,0.886887
