id,mean,std,median
inter_time_arrival,502.534,168.094,500.062
latency,2.16379,0.932218,1.71623
