id,mean,std,median
inter_time_arrival,499.417,1.68359,499.683
latency,0.225943,0.0975955,0.193126
