id,mean,std,median
inter_time_arrival,500.096,33.4878,497.678
latency,1.13388,1.10045,0.714575
