id,mean,std,median
inter_time_arrival,499.933,0.780911,500.011
latency,1.53328,0.494795,1.34638
