id,mean,std,median
inter_time_arrival,166.687,233.023,1.44204
latency,0.337972,0.173493,0.311802
