id,mean,std,median
inter_time_arrival,500.084,25.5916,499.885
latency,1.04997,0.332347,1.00263
