id,mean,std,median
inter_time_arrival,499.954,0.714483,499.898
latency,1.44096,0.516696,1.39361
