id,mean,std,median
inter_time_arrival,499.969,0.301677,499.998
latency,0.436757,0.125191,0.434198
