id,mean,std,median
inter_time_arrival,245.864,230.194,189.417
latency,0.284937,0.0866178,0.274817
