id,mean,std,median
inter_time_arrival,499.979,0.124971,499.994
latency,0.548494,0.0901363,0.526049
