id,mean,std,median
inter_time_arrival,500.017,0.98999,500.025
latency,1.58898,0.624399,1.54014
