id,mean,std,median
inter_time_arrival,499.956,0.510757,499.994
latency,0.947583,0.373707,0.815107
