id,mean,std,median
inter_time_arrival,498.746,1.30121,498.783
latency,1.81634,0.855635,1.66014
