id,mean,std,median
inter_time_arrival,499.98,0.336951,499.966
latency,0.87593,0.333586,0.772771
