id,mean,std,median
inter_time_arrival,499.953,54.5699,499.987
latency,0.706884,0.910848,0.385249
