id,mean,std,median
inter_time_arrival,500.806,14.2307,500.129
latency,1.06037,0.459113,0.877572
