id,mean,std,median
inter_time_arrival,166.018,169.636,86.5882
latency,0.649999,0.0743631,0.629508
