id,mean,std,median
inter_time_arrival,500.006,0.334248,500.017
latency,0.669138,0.275155,0.608192
