id,mean,std,median
inter_time_arrival,499.808,1.08348,499.869
latency,0.204229,0.0152057,0.203963
