id,mean,std,median
inter_time_arrival,254.311,241.528,271.319
latency,7.52067,55.9723,0.280325
