id,mean,std,median
inter_time_arrival,499.995,0.549989,500
latency,0.745244,0.363941,0.63153
