id,mean,std,median
inter_time_arrival,499.711,0.625228,499.849
latency,0.595838,0.179989,0.517931
