id,mean,std,median
inter_time_arrival,499.923,0.715767,499.998
latency,1.79156,0.589472,1.53232
