id,mean,std,median
inter_time_arrival,499.523,0.770009,499.534
latency,0.557236,0.306378,0.430806
