id,mean,std,median
inter_time_arrival,499.985,0.261416,500.008
latency,0.705431,0.186275,0.680482
