id,mean,std,median
inter_time_arrival,499.943,0.121031,499.957
latency,0.276726,0.0670654,0.264366
