id,mean,std,median
inter_time_arrival,499.993,13.2767,500.193
latency,0.352927,0.0734835,0.362922
