id,mean,std,median
inter_time_arrival,500.613,69.9357,499.79
latency,0.676891,0.231725,0.639397
