id,mean,std,median
inter_time_arrival,124.991,209.368,4.6567
latency,0.641165,0.198608,0.569795
