id,mean,std,median
inter_time_arrival,1327.54,1587.85,501.859
latency,0.808079,0.557183,0.425341
