id,mean,std,median
inter_time_arrival,499.706,0.474011,499.797
latency,0.679052,0.170178,0.64457
