id,mean,std,median
inter_time_arrival,1301.31,1860.35,500.098
latency,0.918053,0.454192,1.03605
