id,mean,std,median
inter_time_arrival,499.248,0.647796,499.308
latency,1.16279,0.503001,0.92362
