id,mean,std,median
inter_time_arrival,499.508,1.6541,499.798
latency,0.251968,0.173112,0.181377
