id,mean,std,median
inter_time_arrival,499.882,15.1162,499.732
latency,0.293153,0.101843,0.298476
