id,mean,std,median
inter_time_arrival,499.648,10.6341,498.109
latency,1.11465,0.670114,0.838341
