id,mean,std,median
inter_time_arrival,497.989,20.9802,497.792
latency,0.910583,0.667983,0.694351
