id,mean,std,median
inter_time_arrival,499.474,0.965944,499.698
latency,0.749171,0.289753,0.65917
