id,mean,std,median
inter_time_arrival,499.956,0.964078,500.022
latency,2.4422,0.887394,2.12155
