id,mean,std,median
inter_time_arrival,753.708,540.645,500.62
latency,0.522434,1.47408,0.249653
