id,mean,std,median
inter_time_arrival,1343.32,832.628,1213.24
latency,0.117397,0.102097,0.089643
