id,mean,std,median
inter_time_arrival,498.921,18.7644,500.178
latency,0.967481,0.260361,0.986148
