id,mean,std,median
inter_time_arrival,522.873,192.597,499.442
latency,2.04119,0.641931,1.88951
