id,mean,std,median
inter_time_arrival,499.996,29.4387,500.205
latency,0.914646,0.241145,0.873732
