id,mean,std,median
inter_time_arrival,557.647,165.719,499.998
latency,1.71817,0.398718,1.58664
