id,mean,std,median
inter_time_arrival,499.996,0.51726,500.018
latency,1.02005,0.325622,1.02157
