id,mean,std,median
inter_time_arrival,167.158,103.347,225.588
latency,0.684525,0.329888,0.62922
