id,mean,std,median
inter_time_arrival,1370.92,1414.23,611.816
latency,0.516502,0.378517,0.372796
