id,mean,std,median
inter_time_arrival,499.403,81.7066,503.921
latency,0.655291,0.122376,0.626275
