id,mean,std,median
inter_time_arrival,499.926,0.951172,499.984
latency,2.3115,0.717217,2.14315
