id,mean,std,median
inter_time_arrival,200.732,172.206,186.429
latency,0.901519,0.729144,0.599204
