id,mean,std,median
inter_time_arrival,169.847,157.654,148.072
latency,1.04868,0.611672,0.832867
