id,mean,std,median
inter_time_arrival,500.773,121.378,500.089
latency,0.706833,0.307558,0.617635
