id,mean,std,median
inter_time_arrival,1068.55,1440.09,499.343
latency,0.437036,0.255359,0.437737
