id,mean,std,median
inter_time_arrival,146.447,146.972,70.9117
latency,1.04925,0.220041,0.974596
