id,mean,std,median
inter_time_arrival,500.013,0.541301,500.01
latency,0.920424,0.349007,0.810848
