id,mean,std,median
inter_time_arrival,500.054,154.833,499.696
latency,1.56232,0.340227,1.62766
