id,mean,std,median
inter_time_arrival,499.968,55.4404,496.702
latency,6.58168,0.859092,6.37603
