id,mean,std,median
inter_time_arrival,499.975,0.125876,499.99
latency,0.451619,0.128615,0.40192
