id,mean,std,median
inter_time_arrival,500.694,70.3092,506.756
latency,5.92323,0.263757,5.87075
