id,mean,std,median
inter_time_arrival,499.44,1.54262,499.742
latency,0.899969,0.596217,0.706073
