id,mean,std,median
inter_time_arrival,499.964,0.421223,499.985
latency,1.38286,0.284733,1.41523
