id,mean,std,median
inter_time_arrival,499.853,0.750802,499.838
latency,0.795723,0.450265,0.551066
