id,mean,std,median
inter_time_arrival,499.955,0.354587,499.982
latency,0.768113,0.259392,0.714184
