id,mean,std,median
inter_time_arrival,499.994,0.245275,499.997
latency,0.650977,0.181243,0.581251
