id,mean,std,median
inter_time_arrival,499.706,0.349405,499.725
latency,0.599308,0.17261,0.552531
