id,mean,std,median
inter_time_arrival,499.985,4.02306,500.027
latency,0.755361,0.24566,0.71524
