id,mean,std,median
inter_time_arrival,498.847,1.14044,499.162
latency,0.7299,0.239359,0.651587
