id,mean,std,median
inter_time_arrival,499.923,27.6545,500.117
latency,1.30084,0.535512,1.09965
