id,mean,std,median
inter_time_arrival,500.003,0.285286,500.001
latency,0.300765,0.195495,0.255895
