id,mean,std,median
inter_time_arrival,499.991,10.2833,500.272
latency,0.41834,0.307768,0.340004
