id,mean,std,median
inter_time_arrival,499.935,0.372066,499.969
latency,1.35011,0.266644,1.30954
