id,mean,std,median
inter_time_arrival,99.3193,196.468,1.36509
latency,0.318966,0.250208,0.284651
