id,mean,std,median
inter_time_arrival,499.972,0.482513,500.006
latency,0.562142,0.323223,0.463546
