id,mean,std,median
inter_time_arrival,499.119,1.52052,499.404
latency,0.736296,0.294044,0.602954
