id,mean,std,median
inter_time_arrival,121.988,191.51,6.7021
latency,0.240413,0.081578,0.224929
