id,mean,std,median
inter_time_arrival,122.306,183.079,23.9981
latency,0.162714,0.0554006,0.146688
