id,mean,std,median
inter_time_arrival,499.953,1.10722,500.014
latency,3.44517,0.362466,3.42658
