id,mean,std,median
inter_time_arrival,499.966,0.165821,499.978
latency,1.13604,0.177892,1.0696
