id,mean,std,median
inter_time_arrival,69.186,80.2326,30.8064
latency,0.858927,0.663798,0.656435
