id,mean,std,median
inter_time_arrival,499.987,0.59888,500.045
latency,0.765893,0.329279,0.727172
