id,mean,std,median
inter_time_arrival,517.228,156.326,499.989
latency,1.06394,0.516644,0.85002
