id,mean,std,median
inter_time_arrival,1655.51,1129.95,1495.94
latency,1.03533,0.34061,0.937013
