id,mean,std,median
inter_time_arrival,500.021,0.422983,499.979
latency,0.759365,0.308267,0.63277
