id,mean,std,median
inter_time_arrival,499.24,13.8387,499.739
latency,1.06653,0.684488,0.778116
