id,mean,std,median
inter_time_arrival,499.995,0.139354,499.994
latency,0.495071,0.0701754,0.489228
