id,mean,std,median
inter_time_arrival,499.146,1.02037,499.458
latency,0.725965,0.12808,0.703428
