id,mean,std,median
inter_time_arrival,289.967,246.083,498.878
latency,1.20011,0.357217,1.09117
