id,mean,std,median
inter_time_arrival,517.225,93.7216,500.052
latency,0.170468,0.034427,0.164844
