id,mean,std,median
inter_time_arrival,499.976,0.2619,499.988
latency,0.623648,0.181009,0.552406
