id,mean,std,median
inter_time_arrival,500.073,0.953903,500.034
latency,1.09522,0.771586,0.888407
