id,mean,std,median
inter_time_arrival,499.915,0.461675,499.986
latency,1.76088,0.438482,1.66548
