id,mean,std,median
inter_time_arrival,499.806,0.337547,499.843
latency,0.370156,0.0480617,0.381257
