id,mean,std,median
inter_time_arrival,500.011,19.2547,500.007
latency,0.086628,0.0557523,0.079081
