id,mean,std,median
inter_time_arrival,499.923,0.559416,499.985
latency,2.38578,0.527609,2.13639
