id,mean,std,median
inter_time_arrival,500.001,23.2925,500.025
latency,0.240978,0.0849145,0.22797
