id,mean,std,median
inter_time_arrival,499.983,0.898795,500.01
latency,1.29253,0.471059,1.32853
