id,mean,std,median
inter_time_arrival,499.941,64.7515,499.979
latency,0.482377,0.351218,0.349506
