id,mean,std,median
inter_time_arrival,499.6,1.86295,499.787
latency,0.265379,0.169931,0.174869
