id,mean,std,median
inter_time_arrival,170.193,158.127,143.68
latency,0.743309,0.394232,0.612322
