id,mean,std,median
inter_time_arrival,499.368,0.865625,499.42
latency,0.843175,0.49898,0.701134
