id,mean,std,median
inter_time_arrival,500.463,95.1945,487.008
latency,2.84768,0.859053,2.94744
