id,mean,std,median
inter_time_arrival,499.454,0.815285,499.445
latency,0.80862,0.295674,0.725809
