id,mean,std,median
inter_time_arrival,545.422,143.778,499.997
latency,1.01442,0.221913,0.987355
