id,mean,std,median
inter_time_arrival,498.998,1.10601,499.237
latency,1.03696,0.487921,0.836421
