id,mean,std,median
inter_time_arrival,499.693,0.597961,499.827
latency,0.73114,0.268049,0.646908
