id,mean,std,median
inter_time_arrival,250.001,226.384,24.2853
latency,0.716891,0.24938,0.643523
