id,mean,std,median
inter_time_arrival,1406.69,2245.17,500.018
latency,0.972396,0.494279,1.08882
