id,mean,std,median
inter_time_arrival,498.663,1.85246,499.155
latency,1.04955,0.675609,0.738736
