id,mean,std,median
inter_time_arrival,499.482,0.869129,499.449
latency,1.19322,0.583707,1.07435
