id,mean,std,median
inter_time_arrival,499.957,2.60794,500.006
latency,3.76244,0.954659,3.52245
