id,mean,std,median
inter_time_arrival,922.76,717.442,536.632
latency,0.40444,0.336576,0.215715
