id,mean,std,median
inter_time_arrival,122.309,182.964,20.5026
latency,0.632067,0.271189,0.554403
