id,mean,std,median
inter_time_arrival,499.982,0.699688,499.879
latency,0.799463,0.440734,0.652624
