id,mean,std,median
inter_time_arrival,498.898,19.5859,496.773
latency,1.2401,0.712096,0.989158
