id,mean,std,median
inter_time_arrival,254.297,230.925,254.435
latency,0.236867,0.0835168,0.276825
