id,mean,std,median
inter_time_arrival,710.807,511.394,564.029
latency,0.231044,0.109979,0.183007
