id,mean,std,median
inter_time_arrival,98.7918,185.995,6.01477
latency,0.888335,0.308167,0.809283
