id,mean,std,median
inter_time_arrival,549.564,230.671,499.944
latency,1.19609,0.637865,0.922501
