id,mean,std,median
inter_time_arrival,499.803,0.337828,499.842
latency,0.756609,0.238299,0.668406
