id,mean,std,median
inter_time_arrival,499.974,0.430075,500.027
latency,1.18979,0.298883,1.08509
