id,mean,std,median
inter_time_arrival,498.218,17.3369,498.313
latency,1.42556,0.732144,1.13648
