id,mean,std,median
inter_time_arrival,499.996,0.338786,499.941
latency,0.661227,0.213839,0.660387
