id,mean,std,median
inter_time_arrival,163.025,227.305,5.17417
latency,0.254816,0.082192,0.28581
