id,mean,std,median
inter_time_arrival,1552.53,1737.72,653.566
latency,0.297367,0.275988,0.137203
