id,mean,std,median
inter_time_arrival,499.223,53.402,498.657
latency,0.697826,0.53517,0.509484
