id,mean,std,median
inter_time_arrival,500.006,19.0697,500.063
latency,3.78848,5.06628,0.476519
