id,mean,std,median
inter_time_arrival,498.71,25.2605,498.428
latency,0.670719,0.350402,0.528052
