id,mean,std,median
inter_time_arrival,169.917,211.621,8.83977
latency,0.68003,0.394696,0.533857
