id,mean,std,median
inter_time_arrival,499.968,0.333295,499.949
latency,1.41932,0.233038,1.35588
