id,mean,std,median
inter_time_arrival,499.965,0.501798,499.951
latency,1.46652,0.320202,1.44818
