id,mean,std,median
inter_time_arrival,536.985,165.719,500.022
latency,1.44015,0.553837,1.32915
