id,mean,std,median
inter_time_arrival,500.33,87.8628,499.774
latency,0.732715,0.314603,0.640613
