id,mean,std,median
inter_time_arrival,499.54,1.17632,499.541
latency,0.366403,0.223008,0.262701
