id,mean,std,median
inter_time_arrival,499.985,70.4293,499.676
latency,0.638944,0.431858,0.507042
