id,mean,std,median
inter_time_arrival,564.682,215.571,503.181
latency,1.02096,0.554427,0.852996
