id,mean,std,median
inter_time_arrival,499.983,0.266382,500.005
latency,0.697445,0.130956,0.70661
