id,mean,std,median
inter_time_arrival,499.947,0.549047,499.959
latency,0.627792,0.412073,0.454597
