id,mean,std,median
inter_time_arrival,97.6441,169.577,16.0094
latency,0.266112,0.0740591,0.247841
