id,mean,std,median
inter_time_arrival,499.582,0.571218,499.603
latency,1.02188,0.416517,1.03038
