id,mean,std,median
inter_time_arrival,499.961,0.853923,499.946
latency,2.15996,0.855669,2.02498
