id,mean,std,median
inter_time_arrival,500.169,9.9616,499.896
latency,0.892982,0.289576,0.810468
