id,mean,std,median
inter_time_arrival,250.25,236.734,42.0723
latency,0.221606,0.457344,0.153185
