id,mean,std,median
inter_time_arrival,249.992,159.998,90.4298
latency,0.560665,0.110477,0.525576
