id,mean,std,median
inter_time_arrival,499.688,0.54058,499.634
latency,0.578297,0.139133,0.553022
