id,mean,std,median
inter_time_arrival,995.909,916.197,779.571
latency,0.20101,0.114006,0.155607
