id,mean,std,median
inter_time_arrival,497.858,5.90346,497.881
latency,1.30026,0.974113,0.893452
