id,mean,std,median
inter_time_arrival,500.808,28.1185,499.344
latency,1.40386,0.626208,1.12945
