id,mean,std,median
inter_time_arrival,557.646,158.436,499.987
latency,2.07251,0.473473,1.90166
