id,mean,std,median
inter_time_arrival,499.586,0.643042,499.535
latency,0.75942,0.310791,0.736414
