id,mean,std,median
inter_time_arrival,499.944,0.0973588,499.951
latency,0.162344,0.0450265,0.148977
