id,mean,std,median
inter_time_arrival,1464.79,1817.26,616.694
latency,0.399852,0.304593,0.366507
