id,mean,std,median
inter_time_arrival,498.777,0.582879,498.748
latency,0.546222,0.393793,0.423873
