id,mean,std,median
inter_time_arrival,97.9378,186.366,5.10758
latency,0.80357,0.54417,0.648196
