id,mean,std,median
inter_time_arrival,499.99,59.6793,500.705
latency,0.186852,0.0900112,0.172058
