id,mean,std,median
inter_time_arrival,499.53,0.513023,499.621
latency,0.658644,0.151045,0.625088
