id,mean,std,median
inter_time_arrival,499.524,0.923757,499.702
latency,0.766646,0.197774,0.713475
