id,mean,std,median
inter_time_arrival,1202.84,986.782,986.836
latency,1.83162,0.436178,1.77687
