id,mean,std,median
inter_time_arrival,167.742,200.399,46.0965
latency,0.890315,0.356622,0.761028
