id,mean,std,median
inter_time_arrival,500.087,98.6132,499.755
latency,0.376846,0.101314,0.362209
