id,mean,std,median
inter_time_arrival,268.486,239.004,488.043
latency,0.936616,0.242098,0.880106
