id,mean,std,median
inter_time_arrival,499.977,0.581981,499.953
latency,0.972295,0.42885,0.790403
