id,mean,std,median
inter_time_arrival,165.401,206.474,18.6376
latency,0.532319,0.996583,0.311042
