id,mean,std,median
inter_time_arrival,499.418,115.636,499.771
latency,0.810614,0.402022,0.672707
