id,mean,std,median
inter_time_arrival,499.275,0.759788,499.25
latency,0.687869,0.270226,0.594705
