id,mean,std,median
inter_time_arrival,499.981,29.2368,500.052
latency,0.193536,0.113648,0.183575
