id,mean,std,median
inter_time_arrival,499.962,0.589637,499.892
latency,1.09382,0.405364,1.02276
