id,mean,std,median
inter_time_arrival,499.96,0.374369,499.986
latency,1.44626,0.291985,1.36743
