id,mean,std,median
inter_time_arrival,499.989,80.6587,499.956
latency,0.431725,0.136732,0.364129
