id,mean,std,median
inter_time_arrival,499.242,1.66598,499.215
latency,1.30673,0.603332,1.19261
