id,mean,std,median
inter_time_arrival,499.959,0.405166,499.97
latency,0.752858,0.262435,0.73804
