id,mean,std,median
inter_time_arrival,499.985,0.0743595,500.001
latency,0.552959,0.0592565,0.541955
