id,mean,std,median
inter_time_arrival,533.798,186.065,499.299
latency,0.563912,0.237098,0.447267
