id,mean,std,median
inter_time_arrival,173.902,214.13,8.71471
latency,0.928798,0.803736,0.66586
