id,mean,std,median
inter_time_arrival,499.963,0.475857,500.077
latency,0.957229,0.264374,0.889348
