id,mean,std,median
inter_time_arrival,500.279,18.4123,499.221
latency,1.38746,0.648144,1.14445
