id,mean,std,median
inter_time_arrival,123.936,213.709,1.31212
latency,1.17988,0.322973,1.10932
