id,mean,std,median
inter_time_arrival,166.659,225.05,9.84723
latency,0.429319,0.084099,0.41945
