id,mean,std,median
inter_time_arrival,1223.94,935.421,944.92
latency,0.984359,0.696753,0.539237
