id,mean,std,median
inter_time_arrival,96.6361,177.763,9.76892
latency,0.868274,0.634661,0.73738
