id,mean,std,median
inter_time_arrival,499.976,0.337624,499.985
latency,0.753442,0.222812,0.70053
