id,mean,std,median
inter_time_arrival,499.992,0.203454,499.997
latency,0.579077,0.13225,0.51165
