id,mean,std,median
inter_time_arrival,124.384,203.762,7.75687
latency,0.706644,0.579353,0.523399
