id,mean,std,median
inter_time_arrival,522.852,192.413,498.861
latency,1.70173,0.853493,1.51636
