id,mean,std,median
inter_time_arrival,499.497,0.980636,499.704
latency,0.698129,0.196869,0.671908
