id,mean,std,median
inter_time_arrival,499.942,1.20484,499.998
latency,5.39693,0.791788,5.47452
