id,mean,std,median
inter_time_arrival,250.111,222.291,222.064
latency,0.407654,0.133877,0.374595
