id,mean,std,median
inter_time_arrival,499.992,0.0356541,499.99
latency,0.30109,0.0283221,0.29561
