id,mean,std,median
inter_time_arrival,499.918,0.314716,499.94
latency,1.56178,0.382549,1.39937
