id,mean,std,median
inter_time_arrival,99.9941,150.852,34.9381
latency,0.620695,0.253672,0.517539
