id,mean,std,median
inter_time_arrival,498.959,18.8902,500.558
latency,1.43939,0.700782,1.22285
