id,mean,std,median
inter_time_arrival,126.228,193.726,8.64705
latency,0.539787,0.302186,0.436289
