id,mean,std,median
inter_time_arrival,499.693,2.53951,499.672
latency,0.240994,0.105544,0.174912
