id,mean,std,median
inter_time_arrival,499.292,1.32191,499.493
latency,1.71086,0.833028,1.45409
