id,mean,std,median
inter_time_arrival,500.135,9.70726,499.93
latency,0.324916,0.221249,0.239809
