id,mean,std,median
inter_time_arrival,499.997,9.532,500.028
latency,0.197918,0.054259,0.185664
