id,mean,std,median
inter_time_arrival,499.994,0.0651615,499.987
latency,0.610844,0.0622615,0.603594
