id,mean,std,median
inter_time_arrival,122.269,184.728,20.5008
latency,0.596229,0.22748,0.515297
