id,mean,std,median
inter_time_arrival,1464.79,1817.23,616.618
latency,0.419468,0.292517,0.361729
