id,mean,std,median
inter_time_arrival,123.131,194.428,15.006
latency,0.820996,0.256528,0.723589
