id,mean,std,median
inter_time_arrival,499.985,0.446851,500.024
latency,0.939245,0.33058,0.874307
