id,mean,std,median
inter_time_arrival,166.09,213.675,21.6082
latency,0.753034,0.621063,0.643082
