id,mean,std,median
inter_time_arrival,499.762,8.4191,498.675
latency,0.829778,0.186096,0.744197
