id,mean,std,median
inter_time_arrival,498.867,1.43399,498.956
latency,1.45762,0.737754,0.997445
