id,mean,std,median
inter_time_arrival,499.861,0.690537,499.78
latency,0.817211,0.361688,0.691278
