id,mean,std,median
inter_time_arrival,499.998,10.7594,500.011
latency,0.326724,0.0884655,0.300634
