id,mean,std,median
inter_time_arrival,99.7347,158.403,32.9556
latency,0.595283,0.187574,0.550819
