id,mean,std,median
inter_time_arrival,499.921,0.576958,500.033
latency,1.5332,0.480603,1.40606
