id,mean,std,median
inter_time_arrival,1437.44,982.536,996.589
latency,5.03849,0.879573,4.95906
