id,mean,std,median
inter_time_arrival,498.691,2.29901,498.641
latency,1.51204,0.826088,1.29181
