id,mean,std,median
inter_time_arrival,637.892,597.131,499.871
latency,1.32458,0.453425,1.23731
