id,mean,std,median
inter_time_arrival,167.556,211.729,10.2904
latency,0.650283,0.403043,0.525699
