id,mean,std,median
inter_time_arrival,498.315,24.1245,497.866
latency,2.02106,0.985298,1.81204
