id,mean,std,median
inter_time_arrival,499.996,45.4822,500.623
latency,1.07071,0.47348,0.909318
