id,mean,std,median
inter_time_arrival,500.068,4.71378,499.941
latency,0.994307,0.408257,0.848025
