id,mean,std,median
inter_time_arrival,499.647,0.581244,499.696
latency,0.87759,0.375506,0.760007
