id,mean,std,median
inter_time_arrival,101.992,191.429,4.92938
latency,0.73514,0.699947,0.52961
