id,mean,std,median
inter_time_arrival,499.894,0.631574,499.956
latency,1.54501,0.522534,1.32324
