id,mean,std,median
inter_time_arrival,174.692,229.405,4.04412
latency,0.430247,0.148419,0.3898
