id,mean,std,median
inter_time_arrival,499.995,0.284073,500
latency,0.666389,0.187639,0.611171
