id,mean,std,median
inter_time_arrival,122.925,210.408,3.01774
latency,0.514586,0.162639,0.473016
