id,mean,std,median
inter_time_arrival,250.036,246.019,40.2462
latency,0.537175,0.226687,0.522316
