id,mean,std,median
inter_time_arrival,500.696,79.2808,500.021
latency,0.301105,0.0839148,0.274433
