id,mean,std,median
inter_time_arrival,1189.62,1450.06,500.121
latency,1.63942,0.718917,1.73127
