id,mean,std,median
inter_time_arrival,499.934,0.920027,499.976
latency,2.19111,0.655956,2.01996
