id,mean,std,median
inter_time_arrival,500.304,10.4334,500.048
latency,0.589719,0.368619,0.437282
