id,mean,std,median
inter_time_arrival,583.108,250.653,499.946
latency,1.70725,0.484969,1.64352
