id,mean,std,median
inter_time_arrival,123.743,207.556,4.75078
latency,0.364188,0.112896,0.361446
