id,mean,std,median
inter_time_arrival,499.996,0.0258959,499.999
latency,0.200249,0.0149896,0.200405
