id,mean,std,median
inter_time_arrival,499.927,0.0626835,499.933
latency,0.186304,0.0336771,0.177479
