id,mean,std,median
inter_time_arrival,499.078,109.894,499.297
latency,1.33617,1.02493,0.829153
