id,mean,std,median
inter_time_arrival,823.505,1702.76,483.571
latency,1.15711,0.270544,1.01645
