id,mean,std,median
inter_time_arrival,499.742,139.468,499.126
latency,0.559212,0.158231,0.525796
