id,mean,std,median
inter_time_arrival,499.955,0.113234,499.948
latency,0.252654,0.0621678,0.237493
