id,mean,std,median
inter_time_arrival,499.931,0.475584,499.986
latency,1.45408,0.501857,1.2898
