id,mean,std,median
inter_time_arrival,499.311,15.0542,498.628
latency,1.52569,0.791413,1.41825
