id,mean,std,median
inter_time_arrival,500.007,9.80152,500.059
latency,0.462802,0.145514,0.507442
