id,mean,std,median
inter_time_arrival,586.142,471.614,500.045
latency,2.08264,0.767281,2.13126
