id,mean,std,median
inter_time_arrival,499.967,0.358645,499.967
latency,0.89359,0.271778,0.786537
