id,mean,std,median
inter_time_arrival,499.994,19.933,500.256
latency,0.112698,0.0696059,0.089346
