id,mean,std,median
inter_time_arrival,122.351,195.151,13.0312
latency,0.838061,0.255278,0.764291
