id,mean,std,median
inter_time_arrival,499.306,1.14439,499.405
latency,0.7538,0.216206,0.681157
