id,mean,std,median
inter_time_arrival,123.981,210.905,3.12962
latency,0.549802,0.358376,0.494175
