id,mean,std,median
inter_time_arrival,245.861,223.899,183.427
latency,8.33701,61.6414,0.289378
