id,mean,std,median
inter_time_arrival,499.285,1.22411,499.588
latency,0.977794,0.678552,0.724548
