id,mean,std,median
inter_time_arrival,166.764,213.5,9.43664
latency,0.400269,0.175099,0.362498
