id,mean,std,median
inter_time_arrival,499.995,0.19524,500.01
latency,0.631456,0.207209,0.547811
