id,mean,std,median
inter_time_arrival,499.957,0.741387,499.98
latency,1.68089,0.500693,1.54339
