id,mean,std,median
inter_time_arrival,500.777,14.2736,500.488
latency,1.42766,0.441446,1.47972
