id,mean,std,median
inter_time_arrival,498.519,1.74924,498.517
latency,1.68422,0.685149,1.61181
