id,mean,std,median
inter_time_arrival,499.178,0.65197,499.214
latency,0.908244,0.369799,0.837163
