id,mean,std,median
inter_time_arrival,249.701,238.759,35.8445
latency,0.494687,0.148401,0.456031
