id,mean,std,median
inter_time_arrival,166.635,223.384,9.41432
latency,0.195758,0.0425736,0.19641
