id,mean,std,median
inter_time_arrival,499.96,0.152789,499.993
latency,1.18282,0.180938,1.12394
