id,mean,std,median
inter_time_arrival,499.721,0.286481,499.717
latency,0.605276,0.145828,0.556048
