id,mean,std,median
inter_time_arrival,1076.9,824.661,521.633
latency,0.618622,0.0999425,0.564892
