id,mean,std,median
inter_time_arrival,684.166,289.393,500.981
latency,1.82663,0.333013,1.67992
