id,mean,std,median
inter_time_arrival,166.656,209.23,30.3322
latency,0.389939,0.0998106,0.400585
