id,mean,std,median
inter_time_arrival,499.824,37.2446,499.816
latency,1.45022,1.08764,0.739011
