id,mean,std,median
inter_time_arrival,499.964,0.2133,499.973
latency,0.713912,0.184001,0.65501
