id,mean,std,median
inter_time_arrival,637.887,597.145,499.947
latency,1.20901,0.406423,1.11366
