id,mean,std,median
inter_time_arrival,499.176,72.1555,493.953
latency,0.89857,0.534526,0.630083
