id,mean,std,median
inter_time_arrival,499.938,0.555862,499.98
latency,1.58003,0.447085,1.42814
