id,mean,std,median
inter_time_arrival,500.295,5.90935,500.026
latency,0.69145,0.188768,0.624321
