id,mean,std,median
inter_time_arrival,499.985,0.454776,499.971
latency,1.28086,0.384598,1.14976
