id,mean,std,median
inter_time_arrival,499.969,0.441467,499.991
latency,1.43352,0.263629,1.40351
