id,mean,std,median
inter_time_arrival,500.457,58.8336,499.784
latency,1.01606,0.410351,0.964068
