id,mean,std,median
inter_time_arrival,499.952,0.108091,499.955
latency,0.232735,0.0648895,0.21012
