id,mean,std,median
inter_time_arrival,122.901,210.779,1.5458
latency,0.322388,0.0746715,0.329867
