id,mean,std,median
inter_time_arrival,499.981,0.287429,500.002
latency,0.530702,0.199057,0.4858
