id,mean,std,median
inter_time_arrival,501.637,92.4917,499.862
latency,1.21891,0.568671,0.903205
