id,mean,std,median
inter_time_arrival,499.962,0.877652,499.997
latency,1.40568,0.523375,1.40207
