id,mean,std,median
inter_time_arrival,499.753,0.362403,499.796
latency,0.266337,0.0582825,0.242112
