id,mean,std,median
inter_time_arrival,499.783,0.567643,499.721
latency,0.312162,0.196187,0.19852
