id,mean,std,median
inter_time_arrival,498.931,1.56936,498.916
latency,1.01579,0.44726,0.773027
