id,mean,std,median
inter_time_arrival,500.004,0.402548,499.912
latency,1.05069,0.28978,1.02362
