id,mean,std,median
inter_time_arrival,517.962,95.2747,500.058
latency,0.365676,0.339934,0.276032
