id,mean,std,median
inter_time_arrival,499.519,2.18307,499.849
latency,0.255329,0.168388,0.19802
