id,mean,std,median
inter_time_arrival,500.419,16.5706,500.024
latency,0.276082,0.118333,0.232083
