id,mean,std,median
inter_time_arrival,500.055,0.422419,500.091
latency,0.802633,0.331927,0.76874
