id,mean,std,median
inter_time_arrival,498.626,0.892982,498.518
latency,0.576468,0.370613,0.427341
