id,mean,std,median
inter_time_arrival,499.945,0.736563,499.97
latency,0.697527,0.384908,0.613813
