id,mean,std,median
inter_time_arrival,499.862,15.7031,499.834
latency,0.224766,0.0866886,0.208581
