id,mean,std,median
inter_time_arrival,517.642,140.727,500.02
latency,0.23304,0.157858,0.214705
