id,mean,std,median
inter_time_arrival,499.975,86.8009,499.96
latency,0.297975,0.109173,0.262657
