id,mean,std,median
inter_time_arrival,499.588,0.773153,499.567
latency,0.990896,0.393958,0.866828
