id,mean,std,median
inter_time_arrival,499.997,0.122485,499.998
latency,0.406608,0.0453438,0.418462
