id,mean,std,median
inter_time_arrival,499.628,1.26485,499.829
latency,0.801729,0.598441,0.594832
