id,mean,std,median
inter_time_arrival,499.997,0.392672,500.007
latency,0.793589,0.2977,0.767941
