id,mean,std,median
inter_time_arrival,15440.4,104388,500.487
latency,2.33276,1.05273,1.96132
