id,mean,std,median
inter_time_arrival,499.439,13.5439,499.202
latency,1.06747,0.545881,0.948551
