id,mean,std,median
inter_time_arrival,498.709,1.97777,498.951
latency,1.40023,0.802621,1.13098
