id,mean,std,median
inter_time_arrival,737.068,407.54,506.852
latency,0.735011,0.136738,0.697535
