id,mean,std,median
inter_time_arrival,98.6653,192.158,4.52612
latency,0.501727,0.163214,0.46793
