id,mean,std,median
inter_time_arrival,124.471,155.503,24.3731
latency,0.499025,0.178609,0.469185
