id,mean,std,median
inter_time_arrival,499.189,1.83397,498.975
latency,1.79303,0.880732,1.54138
