id,mean,std,median
inter_time_arrival,499.985,65.1021,499.723
latency,0.484617,0.237053,0.480952
