id,mean,std,median
inter_time_arrival,499.277,28.9667,499.123
latency,0.885405,0.442472,0.820846
