id,mean,std,median
inter_time_arrival,498.933,0.973043,498.882
latency,1.41654,0.587948,1.20164
