id,mean,std,median
inter_time_arrival,499.309,18.697,499.825
latency,0.775275,0.560191,0.497826
