id,mean,std,median
inter_time_arrival,499.777,2.48222,499.771
latency,0.256058,0.146358,0.176093
