id,mean,std,median
inter_time_arrival,499.995,0.266319,500.014
latency,0.65114,0.164361,0.617222
