id,mean,std,median
inter_time_arrival,1085.92,859.662,724.089
latency,0.619317,0.476142,0.388201
