id,mean,std,median
inter_time_arrival,499.996,1.28811,499.981
latency,2.03088,0.803668,1.80384
