id,mean,std,median
inter_time_arrival,122.958,206.023,5.61415
latency,1.66857,0.443344,1.77598
