id,mean,std,median
inter_time_arrival,939.944,1284.74,499.914
latency,2.28227,0.931336,2.20803
