id,mean,std,median
inter_time_arrival,499.728,5.92742,500.176
latency,0.791413,0.528696,0.620258
