id,mean,std,median
inter_time_arrival,499.476,1.76229,499.799
latency,0.217217,0.0811056,0.18511
