id,mean,std,median
inter_time_arrival,499.925,45.5962,500.306
latency,1.18307,0.452381,1.06429
