id,mean,std,median
inter_time_arrival,170.282,224.138,6.26204
latency,0.30848,0.126495,0.331933
