id,mean,std,median
inter_time_arrival,1328.78,933.017,1090.41
latency,0.183567,0.294738,0.102162
