id,mean,std,median
inter_time_arrival,501.453,32.5318,500.064
latency,0.384756,0.241659,0.269331
