id,mean,std,median
inter_time_arrival,499.636,0.508784,499.654
latency,0.668984,0.14824,0.661221
