id,mean,std,median
inter_time_arrival,637.897,597.013,499.976
latency,1.52212,0.474785,1.64385
