id,mean,std,median
inter_time_arrival,499.992,0.829672,499.914
latency,1.37699,0.540292,1.21335
