id,mean,std,median
inter_time_arrival,250.106,222.436,210.675
latency,1.18646,0.448032,1.08986
