id,mean,std,median
inter_time_arrival,1457.78,1813.54,572.168
latency,0.352351,0.243094,0.339824
