id,mean,std,median
inter_time_arrival,499.984,40.9372,499.866
latency,0.705458,0.313628,0.667313
