id,mean,std,median
inter_time_arrival,499.171,2.08701,499.323
latency,0.883601,0.293766,0.781378
