id,mean,std,median
inter_time_arrival,503.36,40.7571,499.95
latency,0.401534,0.169261,0.329377
