id,mean,std,median
inter_time_arrival,249.86,238.25,12.0299
latency,0.439334,0.114294,0.426372
