id,mean,std,median
inter_time_arrival,499.69,0.610766,499.797
latency,0.647103,0.193415,0.576673
