id,mean,std,median
inter_time_arrival,163.065,206.338,10.5556
latency,0.405319,0.155018,0.373474
