id,mean,std,median
inter_time_arrival,98.6517,191.849,1.37875
latency,0.282372,0.0546636,0.294051
