id,mean,std,median
inter_time_arrival,827.544,1246.13,499.875
latency,1.37395,0.527783,1.46978
