id,mean,std,median
inter_time_arrival,499.187,1.85155,499.329
latency,1.11885,0.557517,0.944524
