id,mean,std,median
inter_time_arrival,499.997,0.129492,500.005
latency,0.305617,0.08772,0.276083
