id,mean,std,median
inter_time_arrival,500.785,14.4417,500.183
latency,1.28705,0.576035,1.12164
