id,mean,std,median
inter_time_arrival,499.938,1.51071,499.979
latency,3.58616,0.637612,3.41153
