id,mean,std,median
inter_time_arrival,499.212,15.7189,499.185
latency,0.980074,0.458151,0.824592
