id,mean,std,median
inter_time_arrival,1485.76,2059.48,587.954
latency,0.839721,0.46989,0.93303
