id,mean,std,median
inter_time_arrival,1789.71,2021.67,1084.9
latency,0.272585,0.196575,0.169326
