id,mean,std,median
inter_time_arrival,499.936,0.0672645,499.94
latency,0.1854,0.0378898,0.175062
