id,mean,std,median
inter_time_arrival,499.435,0.854018,499.398
latency,1.10946,0.536741,0.98708
