id,mean,std,median
inter_time_arrival,268.986,238.621,469.444
latency,0.439502,0.15261,0.417315
