id,mean,std,median
inter_time_arrival,499.76,0.816174,499.85
latency,0.583855,0.268789,0.551773
