id,mean,std,median
inter_time_arrival,499.983,8.21485,499.974
latency,0.211008,0.0880378,0.168385
