id,mean,std,median
inter_time_arrival,500.734,55.7127,499.968
latency,0.546738,0.152287,0.486241
