id,mean,std,median
inter_time_arrival,499.939,14.9547,499.725
latency,0.319142,0.170377,0.261364
