id,mean,std,median
inter_time_arrival,499.84,0.201421,499.83
latency,0.477483,0.135353,0.419232
