id,mean,std,median
inter_time_arrival,499.961,0.441197,500.04
latency,0.752618,0.252333,0.72091
