id,mean,std,median
inter_time_arrival,499.988,0.285031,499.985
latency,0.489488,0.0793141,0.487134
