id,mean,std,median
inter_time_arrival,98.6767,191.687,3.95793
latency,0.214312,0.12274,0.169666
