id,mean,std,median
inter_time_arrival,165.864,216.219,12.4603
latency,0.769889,0.178941,0.728868
