id,mean,std,median
inter_time_arrival,96.7771,169.443,12.0548
latency,1.00339,0.530226,0.840933
