id,mean,std,median
inter_time_arrival,499.748,0.675032,499.795
latency,0.67259,0.294347,0.560523
