id,mean,std,median
inter_time_arrival,123.687,199.825,5.36877
latency,0.539883,0.184238,0.499171
