id,mean,std,median
inter_time_arrival,499.989,0.203281,499.985
latency,0.524796,0.132712,0.48189
