id,mean,std,median
inter_time_arrival,247.599,236.506,59.9044
latency,0.599733,0.262998,0.527073
