id,mean,std,median
inter_time_arrival,124.995,165.688,32.539
latency,0.523346,0.130145,0.495236
