id,mean,std,median
inter_time_arrival,166.326,207.272,35.9982
latency,0.65164,0.256337,0.579299
