id,mean,std,median
inter_time_arrival,499.949,0.458899,499.983
latency,1.11506,0.337861,0.979427
