id,mean,std,median
inter_time_arrival,499.965,0.385528,500.02
latency,1.39822,0.280916,1.40919
