id,mean,std,median
inter_time_arrival,499.45,0.977012,499.767
latency,0.834824,0.330572,0.678178
