id,mean,std,median
inter_time_arrival,499.998,0.183929,500.001
latency,0.478433,0.11637,0.468364
