id,mean,std,median
inter_time_arrival,499.29,1.19923,499.663
latency,0.610824,0.147448,0.545187
