id,mean,std,median
inter_time_arrival,500.095,33.5246,497.718
latency,1.05279,1.09122,0.656618
