id,mean,std,median
inter_time_arrival,499.544,1.93281,499.768
latency,0.267534,0.229534,0.170665
