id,mean,std,median
inter_time_arrival,499.229,1.79601,499.487
latency,0.911949,0.293349,0.819736
