id,mean,std,median
inter_time_arrival,499.107,15.6736,499.136
latency,0.89124,0.502294,0.691265
