id,mean,std,median
inter_time_arrival,166.661,231.273,3.51238
latency,0.155563,0.0630475,0.145296
