id,mean,std,median
inter_time_arrival,499.986,11.0808,499.962
latency,0.49163,0.109979,0.475281
