id,mean,std,median
inter_time_arrival,500.628,64.3198,500.143
latency,1.11284,0.570671,1.01863
