id,mean,std,median
inter_time_arrival,500.021,2.50568,500.045
latency,0.559093,0.176094,0.571165
