id,mean,std,median
inter_time_arrival,500.031,37.0786,500.123
latency,0.198394,0.0756202,0.195804
