id,mean,std,median
inter_time_arrival,499.256,0.60875,499.106
latency,0.82993,0.379639,0.673052
