id,mean,std,median
inter_time_arrival,269.574,241.144,348.416
latency,1.55883,0.764953,1.64933
