id,mean,std,median
inter_time_arrival,245.944,237.414,68.6407
latency,0.325917,0.160761,0.290721
