id,mean,std,median
inter_time_arrival,499.697,0.604044,499.818
latency,1.04373,0.338682,1.04726
