id,mean,std,median
inter_time_arrival,499.991,10.2146,498.974
latency,0.908349,0.407704,0.738884
