id,mean,std,median
inter_time_arrival,499.961,0.499817,500.093
latency,1.61573,0.373229,1.52954
