id,mean,std,median
inter_time_arrival,1465.49,1996.15,518.213
latency,0.326116,0.233096,0.29438
