id,mean,std,median
inter_time_arrival,122.967,196.676,5.83026
latency,0.284401,0.0488611,0.297293
