id,mean,std,median
inter_time_arrival,499.964,0.173574,500.006
latency,0.697875,0.16519,0.666921
