id,mean,std,median
inter_time_arrival,500.004,1.84302,499.954
latency,7.27344,0.984923,6.97906
