id,mean,std,median
inter_time_arrival,499.965,0.344483,499.978
latency,0.630203,0.19972,0.533678
