id,mean,std,median
inter_time_arrival,499.632,0.554261,499.634
latency,0.622612,0.306614,0.450178
