id,mean,std,median
inter_time_arrival,509.782,72.1091,500.034
latency,0.982658,0.261152,0.996899
