id,mean,std,median
inter_time_arrival,499.397,69.1824,499.737
latency,0.906198,0.638731,0.68413
