id,mean,std,median
inter_time_arrival,164.882,218.373,6.6365
latency,1.08717,0.498679,0.976231
