id,mean,std,median
inter_time_arrival,1292.87,981.999,889.716
latency,0.244705,0.220707,0.134857
