id,mean,std,median
inter_time_arrival,568.624,385.919,499.641
latency,0.322867,0.16854,0.239022
