id,mean,std,median
inter_time_arrival,499.983,0.225067,499.931
latency,0.713088,0.169447,0.667459
