id,mean,std,median
inter_time_arrival,499.013,0.915323,499.045
latency,0.787282,0.307446,0.71582
