id,mean,std,median
inter_time_arrival,499.612,1.92581,499.702
latency,0.683903,0.300914,0.582467
