id,mean,std,median
inter_time_arrival,122.934,209.113,3.97399
latency,0.21712,0.118891,0.171137
