id,mean,std,median
inter_time_arrival,178.755,235.457,4.35141
latency,0.251535,0.225699,0.171973
