id,mean,std,median
inter_time_arrival,499.987,32.0045,499.975
latency,0.59165,0.284577,0.504771
