id,mean,std,median
inter_time_arrival,498.835,5.36399,499.301
latency,0.487305,0.252158,0.390584
