id,mean,std,median
inter_time_arrival,500.037,154.861,499.923
latency,1.49578,0.376289,1.55889
