id,mean,std,median
inter_time_arrival,499.972,40.0731,499.972
latency,0.677196,0.243767,0.583553
