id,mean,std,median
inter_time_arrival,499.687,54.5995,499.79
latency,0.423835,0.230492,0.394852
