id,mean,std,median
inter_time_arrival,498.762,2.89764,498.478
latency,1.02173,0.606457,0.786701
