id,mean,std,median
inter_time_arrival,499.982,1.10068,499.834
latency,2.00922,0.857994,1.72141
