id,mean,std,median
inter_time_arrival,166.656,216.65,14.1861
latency,0.47318,0.164214,0.409562
