id,mean,std,median
inter_time_arrival,499.697,0.605184,499.804
latency,1.25615,0.435685,1.30736
