id,mean,std,median
inter_time_arrival,124.997,209.556,4.44512
latency,0.40177,0.0784984,0.397006
