id,mean,std,median
inter_time_arrival,499.949,0.98272,500.011
latency,1.46978,0.701981,1.32112
