id,mean,std,median
inter_time_arrival,499.978,0.225817,499.997
latency,0.204409,0.11631,0.183711
