id,mean,std,median
inter_time_arrival,499.683,25.9451,499.078
latency,0.88835,0.463988,0.680771
