id,mean,std,median
inter_time_arrival,499.727,0.797094,499.793
latency,0.63415,0.136915,0.632544
