id,mean,std,median
inter_time_arrival,287.407,253.487,327.799
latency,0.240751,0.470413,0.14282
