id,mean,std,median
inter_time_arrival,1298.15,5020.68,499.877
latency,1.97563,0.714572,1.84328
