id,mean,std,median
inter_time_arrival,499.925,0.683732,499.867
latency,1.14363,0.556509,0.985413
