id,mean,std,median
inter_time_arrival,499.792,0.326169,499.88
latency,0.607898,0.184793,0.549545
