id,mean,std,median
inter_time_arrival,499.206,0.7196,499.059
latency,1.05343,0.478387,0.924967
