id,mean,std,median
inter_time_arrival,500.125,1.08352,499.984
latency,1.38748,0.936684,1.03082
