id,mean,std,median
inter_time_arrival,499.925,0.465497,499.958
latency,2.06944,0.498674,2.1426
