id,mean,std,median
inter_time_arrival,498.882,1.13937,498.841
latency,0.74106,0.432434,0.501217
