id,mean,std,median
inter_time_arrival,139.421,182.232,36.0928
latency,0.868899,0.167673,0.860571
