id,mean,std,median
inter_time_arrival,499.903,1.20148,499.969
latency,6.96726,0.863913,6.68258
