id,mean,std,median
inter_time_arrival,499.991,0.295878,500.027
latency,0.706921,0.218379,0.64185
