id,mean,std,median
inter_time_arrival,499.939,1.06401,499.828
latency,1.52073,0.627028,1.50042
