id,mean,std,median
inter_time_arrival,163.084,223.454,8.23504
latency,0.21734,0.0739985,0.20723
