id,mean,std,median
inter_time_arrival,500.031,1.03177,500.067
latency,1.50892,0.582275,1.38413
