id,mean,std,median
inter_time_arrival,166.658,228.46,9.1412
latency,0.285947,0.0525124,0.283136
