id,mean,std,median
inter_time_arrival,163.072,222.799,8.89764
latency,0.216282,0.0587229,0.208037
