id,mean,std,median
inter_time_arrival,499.099,26.6282,499.747
latency,0.788969,0.331455,0.652419
