id,mean,std,median
inter_time_arrival,499.925,0.803712,499.887
latency,1.74691,0.552066,1.45742
