id,mean,std,median
inter_time_arrival,499.704,0.570766,499.689
latency,0.757599,0.255501,0.646824
