id,mean,std,median
inter_time_arrival,517.248,93.6953,500.033
latency,0.333973,0.243864,0.240402
