id,mean,std,median
inter_time_arrival,500.009,0.176889,500.001
latency,0.308667,0.139228,0.271713
