id,mean,std,median
inter_time_arrival,498.848,0.893898,498.599
latency,1.29848,0.530869,1.12285
