id,mean,std,median
inter_time_arrival,1301.32,1860.3,500.072
latency,0.970332,0.477024,1.09271
