id,mean,std,median
inter_time_arrival,499.945,0.773775,499.891
latency,1.1579,0.530788,0.920164
