id,mean,std,median
inter_time_arrival,499.68,0.687008,499.827
latency,0.384849,0.104471,0.387841
