id,mean,std,median
inter_time_arrival,1057.96,873.298,747.637
latency,0.374929,0.288749,0.343661
