id,mean,std,median
inter_time_arrival,245.553,234.843,28.2891
latency,0.564019,0.273585,0.495462
