id,mean,std,median
inter_time_arrival,534.438,190.065,499.178
latency,6.10184,0.591963,5.93725
