id,mean,std,median
inter_time_arrival,499.935,8.06513,499.338
latency,0.581741,0.125745,0.539394
