id,mean,std,median
inter_time_arrival,499.221,53.2413,499.183
latency,0.779323,0.355568,0.646839
