id,mean,std,median
inter_time_arrival,658.988,381.014,500.025
latency,1.09751,0.382075,0.929564
