id,mean,std,median
inter_time_arrival,254.374,242.261,283.951
latency,0.329623,0.0922671,0.342068
