id,mean,std,median
inter_time_arrival,1034.43,1271.76,500.036
latency,1.29834,0.584736,1.23827
