id,mean,std,median
inter_time_arrival,500.13,23.6541,499.315
latency,1.04006,0.423505,0.829828
