id,mean,std,median
inter_time_arrival,499.203,1.08329,499.324
latency,1.34299,0.600763,1.23655
