id,mean,std,median
inter_time_arrival,499.963,0.694674,499.984
latency,1.36506,0.424479,1.39961
