id,mean,std,median
inter_time_arrival,253.89,244.129,473.294
latency,0.439413,0.239551,0.350608
