id,mean,std,median
inter_time_arrival,499.642,11.8982,499.709
latency,0.547615,0.119663,0.522786
