id,mean,std,median
inter_time_arrival,98.7066,187.597,5.65607
latency,0.274691,0.0848144,0.292757
