id,mean,std,median
inter_time_arrival,499.995,0.0757849,499.971
latency,0.311074,0.0474905,0.299373
