id,mean,std,median
inter_time_arrival,499.938,0.812247,499.961
latency,1.34516,0.339052,1.35717
