id,mean,std,median
inter_time_arrival,246.147,233.624,71.4104
latency,0.253879,0.166946,0.205313
