id,mean,std,median
inter_time_arrival,500.026,1.02096,500.176
latency,1.19526,0.726957,1.06086
