id,mean,std,median
inter_time_arrival,124.997,209.992,3.95113
latency,0.144141,0.0249638,0.142982
