id,mean,std,median
inter_time_arrival,1301.31,1860.28,500.131
latency,1.05601,0.543166,1.17478
