id,mean,std,median
inter_time_arrival,499.448,0.5238,499.554
latency,0.771406,0.349909,0.632593
