id,mean,std,median
inter_time_arrival,888.155,674.358,653.89
latency,0.268143,0.166331,0.170696
