id,mean,std,median
inter_time_arrival,499.996,0.125977,499.992
latency,0.264417,0.0793807,0.252197
