id,mean,std,median
inter_time_arrival,122.306,182.794,20.4857
latency,0.627097,0.26198,0.54762
