id,mean,std,median
inter_time_arrival,499.268,1.03236,499.425
latency,0.905578,0.318287,0.829124
