id,mean,std,median
inter_time_arrival,500.061,154.635,499.602
latency,1.06745,0.387371,1.15607
