id,mean,std,median
inter_time_arrival,500.406,23.232,500.057
latency,0.0947188,0.0584836,0.083644
