id,mean,std,median
inter_time_arrival,500.257,121.699,499.753
latency,0.766605,0.25841,0.690851
