id,mean,std,median
inter_time_arrival,124.986,209.689,4.04136
latency,0.50265,0.175795,0.468003
