id,mean,std,median
inter_time_arrival,922.749,717.506,536.537
latency,0.315183,0.279321,0.177187
