id,mean,std,median
inter_time_arrival,498.823,28.1308,500.487
latency,1.09565,1.13686,0.713059
