id,mean,std,median
inter_time_arrival,499.05,88.9561,499.47
latency,0.407815,0.257522,0.255716
