id,mean,std,median
inter_time_arrival,500.008,0.264909,499.975
latency,0.666386,0.180707,0.602334
