id,mean,std,median
inter_time_arrival,498.696,16.5033,499.017
latency,1.98392,0.959988,1.74956
