id,mean,std,median
inter_time_arrival,1996.11,2502.09,780.511
latency,0.192084,0.130663,0.112259
