id,mean,std,median
inter_time_arrival,499.966,52.464,500.071
latency,0.444719,0.274127,0.303585
