id,mean,std,median
inter_time_arrival,1327.56,1587.77,501.737
latency,0.912857,0.686019,0.487415
