id,mean,std,median
inter_time_arrival,499.969,0.403203,500.009
latency,0.789163,0.268201,0.703844
