id,mean,std,median
inter_time_arrival,121.563,204.861,3.82345
latency,0.498953,0.250017,0.447138
