id,mean,std,median
inter_time_arrival,131.149,220.151,8.56007
latency,4.45984,46.1608,0.174591
