id,mean,std,median
inter_time_arrival,690.367,326.587,500.014
latency,1.99515,0.558607,1.93898
