id,mean,std,median
inter_time_arrival,499.975,0.538016,500.003
latency,0.870114,0.354962,0.67693
