id,mean,std,median
inter_time_arrival,499.996,0.232579,499.996
latency,0.281341,0.0601499,0.263128
