id,mean,std,median
inter_time_arrival,499.966,0.291278,499.998
latency,0.669715,0.187026,0.600419
