id,mean,std,median
inter_time_arrival,249.823,237.403,12.7853
latency,0.441785,0.0830461,0.446112
