id,mean,std,median
inter_time_arrival,499,0.808489,499.011
latency,0.849737,0.550998,0.575198
