id,mean,std,median
inter_time_arrival,500.008,0.626128,499.881
latency,2.0235,0.464754,2.09701
