id,mean,std,median
inter_time_arrival,524.016,165.241,500.309
latency,1.39611,0.459016,1.27767
