id,mean,std,median
inter_time_arrival,499.912,0.927162,499.959
latency,1.87424,0.495214,1.99347
