id,mean,std,median
inter_time_arrival,499.963,0.952511,499.925
latency,2.48429,0.864559,2.24216
