id,mean,std,median
inter_time_arrival,499.973,0.531715,499.917
latency,0.968724,0.384168,0.884817
