id,mean,std,median
inter_time_arrival,499.987,0.295662,499.991
latency,0.900932,0.211707,0.879651
