id,mean,std,median
inter_time_arrival,499.976,21.3178,500.005
latency,0.407871,0.199454,0.337921
