id,mean,std,median
inter_time_arrival,498.977,8.84774,498.926
latency,0.945748,0.317344,0.795047
