id,mean,std,median
inter_time_arrival,499.979,0.483988,499.996
latency,0.700157,0.286019,0.74808
