id,mean,std,median
inter_time_arrival,499.969,0.299181,500.009
latency,0.625544,0.195327,0.555715
