id,mean,std,median
inter_time_arrival,706.841,775.501,500.034
latency,1.86433,0.746443,1.72134
