id,mean,std,median
inter_time_arrival,658.104,372.185,529.582
latency,1.25288,0.234233,1.21229
