id,mean,std,median
inter_time_arrival,800.205,496.454,500.068
latency,0.793243,0.271812,0.823136
