id,mean,std,median
inter_time_arrival,498.176,1.52656,497.938
latency,1.53463,0.861139,1.11127
