id,mean,std,median
inter_time_arrival,596.852,313.714,582.078
latency,3.38941,0.715932,3.26981
