id,mean,std,median
inter_time_arrival,499.767,0.322979,499.764
latency,0.200264,0.0580189,0.182413
