id,mean,std,median
inter_time_arrival,499.959,0.51615,499.992
latency,1.07714,0.387318,1.10241
