id,mean,std,median
inter_time_arrival,499.908,0.622251,499.963
latency,2.09955,0.546509,1.99735
