id,mean,std,median
inter_time_arrival,499.966,0.378222,500.01
latency,2.48596,0.280288,2.45453
