id,mean,std,median
inter_time_arrival,500.022,19.504,499.921
latency,0.599914,0.312492,0.465379
