id,mean,std,median
inter_time_arrival,500.911,150.743,499.811
latency,1.01316,0.372741,0.856164
