id,mean,std,median
inter_time_arrival,499.972,0.199272,499.978
latency,0.487525,0.129175,0.467604
