id,mean,std,median
inter_time_arrival,249.822,156.488,94.6272
latency,0.552574,0.139058,0.531571
