id,mean,std,median
inter_time_arrival,499.985,0.312866,499.991
latency,0.416113,0.15316,0.436384
