id,mean,std,median
inter_time_arrival,70.0979,55.1918,59.7925
latency,1.09569,0.733139,0.91536
