id,mean,std,median
inter_time_arrival,246.062,237.624,45.6244
latency,0.542916,0.498697,0.460259
