id,mean,std,median
inter_time_arrival,499.7,13.9494,499.733
latency,0.656334,0.209626,0.641484
