id,mean,std,median
inter_time_arrival,498.994,1.88126,499.611
latency,0.966705,0.510499,0.71914
