id,mean,std,median
inter_time_arrival,498.887,1.11134,499.16
latency,0.947742,0.362249,0.760931
