id,mean,std,median
inter_time_arrival,499.529,0.546489,499.545
latency,1.02293,0.331645,0.945451
