id,mean,std,median
inter_time_arrival,499.984,0.508366,500.039
latency,0.519283,0.291362,0.405865
