id,mean,std,median
inter_time_arrival,499.631,2.00828,500.099
latency,0.370696,0.174818,0.313584
