id,mean,std,median
inter_time_arrival,310.983,227.113,408.854
latency,0.271014,0.305471,0.174855
