id,mean,std,median
inter_time_arrival,501.496,77.7832,500.079
latency,1.62779,0.340385,1.58903
