id,mean,std,median
inter_time_arrival,499.959,0.437193,500.004
latency,0.922555,0.318324,0.825508
