id,mean,std,median
inter_time_arrival,499.994,21.2789,499.847
latency,0.653739,0.251054,0.550177
