id,mean,std,median
inter_time_arrival,499.551,6.03432,498.64
latency,0.720743,0.365457,0.595458
