id,mean,std,median
inter_time_arrival,500.797,14.5772,500.553
latency,1.26458,0.644407,1.15994
