id,mean,std,median
inter_time_arrival,498.961,2.24763,499.378
latency,1.32727,1.04684,0.715907
