id,mean,std,median
inter_time_arrival,498.822,51.7711,499.335
latency,1.26858,0.831652,1.03309
