id,mean,std,median
inter_time_arrival,607.13,338.942,516.475
latency,0.116712,0.0476535,0.105981
