id,mean,std,median
inter_time_arrival,499.811,0.596191,499.834
latency,0.352493,0.0677921,0.373293
