id,mean,std,median
inter_time_arrival,499.977,0.221336,499.984
latency,0.625416,0.178625,0.588059
