id,mean,std,median
inter_time_arrival,245.828,240.434,67.39
latency,0.208361,0.0732724,0.207132
