id,mean,std,median
inter_time_arrival,1199.61,1503.47,499.874
latency,2.03761,0.943623,2.05125
