id,mean,std,median
inter_time_arrival,499.699,0.256621,499.715
latency,0.655721,0.116104,0.67354
