id,mean,std,median
inter_time_arrival,499.992,0.511683,499.932
latency,1.45563,0.307707,1.47207
