id,mean,std,median
inter_time_arrival,499.981,0.303701,500.005
latency,0.687364,0.17326,0.643203
