id,mean,std,median
inter_time_arrival,124.993,173.543,31.3039
latency,0.472807,0.0836999,0.473506
