id,mean,std,median
inter_time_arrival,147.939,215.396,9.81847
latency,0.903855,0.192279,0.877798
