id,mean,std,median
inter_time_arrival,1663.81,1665.35,1127.47
latency,0.26765,0.199823,0.13777
