id,mean,std,median
inter_time_arrival,1035.54,895.647,500.196
latency,2.16182,0.727867,2.03636
