id,mean,std,median
inter_time_arrival,499.603,1.86933,499.774
latency,0.228505,0.108929,0.168079
