id,mean,std,median
inter_time_arrival,499.956,44.515,500.013
latency,0.794421,0.229419,0.676867
