id,mean,std,median
inter_time_arrival,499.291,1.49729,499.351
latency,1.52598,0.841416,1.42173
