id,mean,std,median
inter_time_arrival,500.426,15.0928,500.135
latency,0.0840508,0.0459373,0.076627
