id,mean,std,median
inter_time_arrival,499.954,0.157947,499.932
latency,0.509224,0.0900639,0.493572
