id,mean,std,median
inter_time_arrival,499.089,0.840481,499.171
latency,1.72185,0.629918,1.64942
