id,mean,std,median
inter_time_arrival,500.023,1.05224,500.106
latency,1.47073,0.654413,1.22523
