id,mean,std,median
inter_time_arrival,499.984,93.4767,499.878
latency,1.51112,0.353219,1.42714
