id,mean,std,median
inter_time_arrival,500.001,10.2491,499.918
latency,0.306719,0.30224,0.208133
