id,mean,std,median
inter_time_arrival,572.092,284.071,437.067
latency,0.116218,0.106536,0.083614
