id,mean,std,median
inter_time_arrival,121.145,193.596,10.0048
latency,0.794241,0.283328,0.72954
