id,mean,std,median
inter_time_arrival,128.312,216.352,1.21781
latency,0.322865,0.10676,0.337168
