id,mean,std,median
inter_time_arrival,102.541,197.463,1.03831
latency,0.418296,0.229032,0.367837
