id,mean,std,median
inter_time_arrival,499.964,0.648742,499.947
latency,1.81254,0.445008,1.74091
