id,mean,std,median
inter_time_arrival,499.685,0.514253,499.641
latency,1.03973,0.287013,1.01226
