id,mean,std,median
inter_time_arrival,1295.74,1287.32,876.018
latency,0.184858,0.264534,0.104987
