id,mean,std,median
inter_time_arrival,499.983,0.659528,500.02
latency,0.883606,0.405321,0.83499
