id,mean,std,median
inter_time_arrival,499.985,0.660434,499.934
latency,0.776004,0.406748,0.634797
