id,mean,std,median
inter_time_arrival,499.963,0.579331,499.977
latency,0.982922,0.363227,0.83911
