id,mean,std,median
inter_time_arrival,124.991,206.442,5.40132
latency,0.278908,0.0568424,0.292617
