id,mean,std,median
inter_time_arrival,499.289,53.4417,499.215
latency,0.949261,0.56675,0.897352
