id,mean,std,median
inter_time_arrival,499.783,0.431711,499.772
latency,0.88897,0.241725,0.896314
