id,mean,std,median
inter_time_arrival,249.993,8.20009,242.965
latency,0.594503,0.164583,0.564927
