id,mean,std,median
inter_time_arrival,499.901,1.29908,499.986
latency,2.44532,0.976428,2.14323
