id,mean,std,median
inter_time_arrival,151.201,214.714,9.9714
latency,1.10502,0.831603,0.970765
