id,mean,std,median
inter_time_arrival,499.272,1.16777,499.534
latency,0.722381,0.19929,0.644803
