id,mean,std,median
inter_time_arrival,500.699,77.7301,499.95
latency,0.660089,0.166889,0.596931
