id,mean,std,median
inter_time_arrival,499.932,0.357368,499.988
latency,1.57677,0.389039,1.50976
