id,mean,std,median
inter_time_arrival,499.998,0.139067,499.998
latency,0.465761,0.0634898,0.482165
