id,mean,std,median
inter_time_arrival,499.996,0.543586,499.995
latency,0.730176,0.113096,0.704516
