id,mean,std,median
inter_time_arrival,249.112,243.462,8.56705
latency,0.961537,0.488586,0.790916
