id,mean,std,median
inter_time_arrival,97.9779,159.272,21.3632
latency,0.672959,0.27945,0.592291
