id,mean,std,median
inter_time_arrival,499.955,0.668119,499.918
latency,1.00882,0.416523,0.9432
