id,mean,std,median
inter_time_arrival,499.988,0.0791261,499.999
latency,0.503859,0.0500366,0.504488
