id,mean,std,median
inter_time_arrival,524.011,165.222,500.106
latency,1.10723,0.498336,1.03712
