id,mean,std,median
inter_time_arrival,499.988,0.489001,500.019
latency,0.854401,0.357637,0.778079
