id,mean,std,median
inter_time_arrival,98.2278,180.079,8.79574
latency,0.696881,0.301399,0.649763
