id,mean,std,median
inter_time_arrival,499.748,0.363672,499.795
latency,0.524586,0.221834,0.467643
