id,mean,std,median
inter_time_arrival,706.867,775.369,500.079
latency,2.07871,0.749003,2.09113
