id,mean,std,median
inter_time_arrival,527.777,115.315,499.968
latency,2.40292,0.533884,2.35452
