id,mean,std,median
inter_time_arrival,499.948,0.414407,499.94
latency,0.97614,0.282969,0.875811
