id,mean,std,median
inter_time_arrival,102.547,199.776,1.01113
latency,0.379171,0.238268,0.333151
