id,mean,std,median
inter_time_arrival,204.203,233.684,8.54525
latency,0.921684,0.19901,0.875541
