id,mean,std,median
inter_time_arrival,166.653,226.765,8.01825
latency,0.651574,0.295708,0.552835
