id,mean,std,median
inter_time_arrival,499.929,0.396666,499.991
latency,1.76541,0.357628,1.63428
