id,mean,std,median
inter_time_arrival,497.353,4.91101,497.68
latency,1.16927,0.740874,0.899876
