id,mean,std,median
inter_time_arrival,499.172,1.78821,499.153
latency,1.83856,0.832665,1.73805
