id,mean,std,median
inter_time_arrival,499.426,1.95743,499.595
latency,0.331889,0.149351,0.24978
