id,mean,std,median
inter_time_arrival,499.131,1.29773,499.201
latency,0.901197,0.31347,0.863396
