id,mean,std,median
inter_time_arrival,100.326,171.477,12.5796
latency,0.250851,0.541792,0.177665
