id,mean,std,median
inter_time_arrival,249.679,209.039,41.6646
latency,0.617814,0.218548,0.541296
