id,mean,std,median
inter_time_arrival,1291.67,1284.74,863.973
latency,0.179217,0.227014,0.107818
