id,mean,std,median
inter_time_arrival,499.908,12.8697,500.018
latency,0.197017,0.0940003,0.201544
