id,mean,std,median
inter_time_arrival,500.027,0.615449,499.96
latency,0.860314,0.479236,0.763417
