id,mean,std,median
inter_time_arrival,122.941,205.574,5.43399
latency,0.256021,0.0487158,0.27008
