id,mean,std,median
inter_time_arrival,500.133,1.44164,499.968
latency,1.09008,1.09418,0.774808
