id,mean,std,median
inter_time_arrival,499.948,0.372718,499.977
latency,1.54075,0.317418,1.40714
