id,mean,std,median
inter_time_arrival,499.525,10.7023,497.729
latency,1.22941,0.85791,0.936389
