id,mean,std,median
inter_time_arrival,200.58,173.365,188.086
latency,1.08148,0.578375,0.858791
