id,mean,std,median
inter_time_arrival,499.969,0.519692,499.987
latency,1.94494,0.274039,1.96735
