id,mean,std,median
inter_time_arrival,499.441,14.8658,499.194
latency,0.659779,0.376636,0.475688
