id,mean,std,median
inter_time_arrival,499.907,0.887422,499.917
latency,1.1902,0.455401,1.06468
