id,mean,std,median
inter_time_arrival,499.156,1.39775,499.491
latency,1.49446,0.831548,1.28244
