id,mean,std,median
inter_time_arrival,166.387,172.869,87.1447
latency,0.466812,0.0771493,0.449027
