id,mean,std,median
inter_time_arrival,502.487,55.9247,506.787
latency,0.678385,0.331767,0.863004
