id,mean,std,median
inter_time_arrival,499.989,0.119224,499.987
latency,0.372533,0.0370211,0.375299
