id,mean,std,median
inter_time_arrival,122.899,209.758,1.3702
latency,0.322976,0.113287,0.31094
