id,mean,std,median
inter_time_arrival,124.079,192.136,7.22032
latency,0.948233,0.361728,0.806212
