id,mean,std,median
inter_time_arrival,499.184,1.12429,499.364
latency,1.15215,0.611294,0.888583
