id,mean,std,median
inter_time_arrival,500.007,0.454663,499.973
latency,0.755223,0.310605,0.666162
