id,mean,std,median
inter_time_arrival,499.981,88.3812,498.795
latency,1.78884,0.716498,1.62564
