id,mean,std,median
inter_time_arrival,499.936,0.482798,499.973
latency,1.01011,0.32937,0.885252
