id,mean,std,median
inter_time_arrival,166.524,223.39,5.48599
latency,0.381745,0.237844,0.366095
