id,mean,std,median
inter_time_arrival,499.968,0.159313,499.992
latency,2.02531,0.143946,1.99236
