id,mean,std,median
inter_time_arrival,499.953,134.669,500.101
latency,0.314819,0.0933424,0.292705
