id,mean,std,median
inter_time_arrival,499.996,0.709968,500.049
latency,1.02896,0.340439,0.893027
