id,mean,std,median
inter_time_arrival,499.996,0.073092,499.994
latency,0.264942,0.0535107,0.256189
