id,mean,std,median
inter_time_arrival,124.817,145.907,56.5323
latency,0.443366,0.139312,0.405297
