id,mean,std,median
inter_time_arrival,498.36,16.2813,498.614
latency,1.25164,0.814425,0.966275
