id,mean,std,median
inter_time_arrival,168.524,215.535,9.55321
latency,0.355112,0.157254,0.311586
