id,mean,std,median
inter_time_arrival,1534.48,1482.65,1020.05
latency,0.379535,0.296817,0.184477
