id,mean,std,median
inter_time_arrival,502.545,154.493,498.136
latency,0.893109,0.464787,0.730627
