id,mean,std,median
inter_time_arrival,501.464,15.1679,499.969
latency,0.11488,0.101136,0.074929
