id,mean,std,median
inter_time_arrival,505.95,148.548,507.628
latency,0.855547,0.404533,0.715107
