id,mean,std,median
inter_time_arrival,249.987,178.747,71.5029
latency,0.513902,0.0795106,0.504159
