id,mean,std,median
inter_time_arrival,499.535,0.664899,499.572
latency,1.04395,0.399115,1.02343
