id,mean,std,median
inter_time_arrival,499.941,0.602505,499.962
latency,1.58737,0.434132,1.42407
