id,mean,std,median
inter_time_arrival,499.806,0.409003,499.824
latency,0.677508,0.189308,0.608391
