id,mean,std,median
inter_time_arrival,583.292,189.965,499.946
latency,1.52992,0.322046,1.45163
