id,mean,std,median
inter_time_arrival,499.946,1.09886,500.038
latency,1.72627,0.796316,1.67672
