id,mean,std,median
inter_time_arrival,1619.79,2067.64,648.657
latency,0.345926,0.286256,0.204716
