id,mean,std,median
inter_time_arrival,1465.49,1996.13,518.225
latency,0.210766,0.138971,0.118624
