id,mean,std,median
inter_time_arrival,499.993,0.195682,499.993
latency,0.771502,0.149245,0.747397
