id,mean,std,median
inter_time_arrival,99.5219,122.242,27.3469
latency,0.595306,0.45833,0.467254
