id,mean,std,median
inter_time_arrival,499.93,0.677576,500.058
latency,1.94557,0.560565,1.89508
