id,mean,std,median
inter_time_arrival,498.879,1.42596,498.951
latency,1.73435,0.764925,1.60058
