id,mean,std,median
inter_time_arrival,499.976,0.286453,499.952
latency,0.925984,0.196328,0.861443
