id,mean,std,median
inter_time_arrival,124.988,183.789,16.9947
latency,0.483357,0.110456,0.482177
