id,mean,std,median
inter_time_arrival,500.064,26.3561,499.91
latency,0.724338,0.307921,0.632237
