id,mean,std,median
inter_time_arrival,499.496,1.80539,499.809
latency,0.236098,0.130774,0.184916
