id,mean,std,median
inter_time_arrival,249.992,245.74,12.4822
latency,0.442846,0.110191,0.439018
