id,mean,std,median
inter_time_arrival,105.847,201.536,1.47874
latency,1.86816,0.659947,1.91396
