id,mean,std,median
inter_time_arrival,126.075,107.948,230.909
latency,0.569568,0.130739,0.548002
