id,mean,std,median
inter_time_arrival,500.054,9.82526,500.096
latency,0.423404,0.163537,0.42694
