id,mean,std,median
inter_time_arrival,521.45,150.703,500.837
latency,1.26234,0.666775,0.964063
