id,mean,std,median
inter_time_arrival,499.141,6.25121,499.697
latency,1.04578,0.502896,0.839012
