id,mean,std,median
inter_time_arrival,499.962,0.423512,499.99
latency,1.36775,0.286037,1.39871
