id,mean,std,median
inter_time_arrival,166.198,224.537,12.8389
latency,0.420065,0.128409,0.454772
