id,mean,std,median
inter_time_arrival,1399.02,1094.38,1016.89
latency,1.59696,0.925481,1.05239
