id,mean,std,median
inter_time_arrival,499.123,1.74673,499.419
latency,1.07937,0.630033,0.726694
