id,mean,std,median
inter_time_arrival,499.984,18.7146,500.565
latency,1.38566,0.729333,1.13537
