id,mean,std,median
inter_time_arrival,499.979,0.342431,499.989
latency,1.02935,0.282886,1.01751
