id,mean,std,median
inter_time_arrival,499.968,0.896001,500.101
latency,1.11529,0.41619,0.957706
