id,mean,std,median
inter_time_arrival,499.935,0.0587394,499.929
latency,0.174691,0.0191425,0.175385
