id,mean,std,median
inter_time_arrival,500.612,64.3404,499.767
latency,0.693762,0.464138,0.567106
