id,mean,std,median
inter_time_arrival,500.005,125.355,499.787
latency,0.904201,0.438479,0.794915
