id,mean,std,median
inter_time_arrival,499.954,17.195,498.319
latency,0.744536,0.233643,0.640387
