id,mean,std,median
inter_time_arrival,499.997,9.28556,499.954
latency,0.277738,0.164604,0.230977
