id,mean,std,median
inter_time_arrival,770.59,663.893,501.094
latency,0.249375,0.12525,0.182844
