id,mean,std,median
inter_time_arrival,537.689,134.486,500.043
latency,1.65352,0.343648,1.60889
