id,mean,std,median
inter_time_arrival,125.276,191.746,13.1304
latency,0.289292,0.140643,0.250274
