id,mean,std,median
inter_time_arrival,247.531,239.462,63.8008
latency,0.640781,0.343162,0.567747
