id,mean,std,median
inter_time_arrival,499.964,0.324739,499.999
latency,0.632801,0.20566,0.590645
