id,mean,std,median
inter_time_arrival,499.988,0.333142,499.997
latency,0.644946,0.226688,0.576295
