id,mean,std,median
inter_time_arrival,187.244,161.895,186.364
latency,3.99013,0.737826,3.76703
