id,mean,std,median
inter_time_arrival,499.912,112.113,499.953
latency,1.52186,0.950155,1.08334
