id,mean,std,median
inter_time_arrival,499.36,0.744811,499.345
latency,0.90573,0.337403,0.82026
