id,mean,std,median
inter_time_arrival,499.437,0.519417,499.423
latency,0.79753,0.288724,0.686119
