id,mean,std,median
inter_time_arrival,499.981,40.7984,499.921
latency,0.598804,0.236606,0.502981
