id,mean,std,median
inter_time_arrival,499.981,5.23236,499.976
latency,1.47486,0.323902,1.45511
