id,mean,std,median
inter_time_arrival,121.981,190.767,6.21033
latency,0.250321,0.0782784,0.235297
