id,mean,std,median
inter_time_arrival,549.545,230.794,499.974
latency,1.51701,0.452399,1.42167
