id,mean,std,median
inter_time_arrival,678.503,385.688,535.938
latency,0.137008,0.048752,0.123567
