id,mean,std,median
inter_time_arrival,499.891,1.00088,499.829
latency,1.26089,0.823714,1.09338
