id,mean,std,median
inter_time_arrival,499.983,0.48334,499.986
latency,0.582157,0.274742,0.44079
