id,mean,std,median
inter_time_arrival,166.304,194.827,31.349
latency,0.677494,0.235053,0.640676
