id,mean,std,median
inter_time_arrival,499.212,1.95145,499.385
latency,1.78804,0.784299,1.77738
