id,mean,std,median
inter_time_arrival,498.933,3.36475,498.841
latency,1.31219,0.859148,1.00561
