id,mean,std,median
inter_time_arrival,499.966,0.578429,499.983
latency,1.36776,0.280342,1.3943
