id,mean,std,median
inter_time_arrival,125.838,210.19,3.75882
latency,0.447573,0.16425,0.390981
