id,mean,std,median
inter_time_arrival,517.197,126.972,500.009
latency,0.80911,0.212661,0.779589
