id,mean,std,median
inter_time_arrival,517.194,127.008,499.944
latency,0.632357,0.196253,0.602724
