id,mean,std,median
inter_time_arrival,499.829,0.743693,499.997
latency,5.4331,0.932244,5.15209
