id,mean,std,median
inter_time_arrival,162.98,227.822,3.47719
latency,0.510775,0.18324,0.476368
