id,mean,std,median
inter_time_arrival,168.599,114.654,234.641
latency,0.526905,0.11463,0.512319
