id,mean,std,median
inter_time_arrival,498.334,1.56041,498.599
latency,1.25147,0.941996,0.80394
