id,mean,std,median
inter_time_arrival,499.94,0.297146,499.981
latency,1.78181,0.333957,1.71038
