id,mean,std,median
inter_time_arrival,500.01,59.2842,504.066
latency,0.333596,0.249703,0.230356
