id,mean,std,median
inter_time_arrival,164.856,228.504,5.16251
latency,1.52983,0.573832,1.57203
