id,mean,std,median
inter_time_arrival,499.947,93.6267,499.871
latency,1.04644,0.504976,0.778243
