id,mean,std,median
inter_time_arrival,499.991,0.664815,500.006
latency,2.08796,0.543268,2.18147
