id,mean,std,median
inter_time_arrival,499.971,0.271118,499.986
latency,1.03607,0.182097,1.01575
