id,mean,std,median
inter_time_arrival,500.336,54.231,500.005
latency,0.846111,0.183123,0.840195
