id,mean,std,median
inter_time_arrival,499.737,0.585001,499.717
latency,1.27174,0.51376,1.16932
