id,mean,std,median
inter_time_arrival,499.95,2.38028,499.944
latency,1.12209,0.377213,0.982339
