id,mean,std,median
inter_time_arrival,509.054,94.5183,500.135
latency,0.715188,0.24879,0.720739
