id,mean,std,median
inter_time_arrival,499.615,2.53002,499.715
latency,0.259367,0.120491,0.195288
