id,mean,std,median
inter_time_arrival,639.958,460.32,500.223
latency,0.202815,0.124775,0.162077
