id,mean,std,median
inter_time_arrival,498.786,1.31245,498.975
latency,1.65365,0.739156,1.29789
