id,mean,std,median
inter_time_arrival,499.913,3.17544,499.862
latency,2.24464,0.517298,2.04645
