id,mean,std,median
inter_time_arrival,499.996,0.049994,499.995
latency,0.193911,0.0286903,0.188878
