id,mean,std,median
inter_time_arrival,499.668,1.86136,499.77
latency,0.309991,0.251444,0.18837
