id,mean,std,median
inter_time_arrival,245.461,241.265,44.6514
latency,0.625226,0.252323,0.562469
