id,mean,std,median
inter_time_arrival,499.994,0.323023,499.967
latency,0.682119,0.210079,0.618788
