id,mean,std,median
inter_time_arrival,124.592,204.989,5.90096
latency,0.71498,0.31245,0.597411
