id,mean,std,median
inter_time_arrival,499.934,52.8043,499.992
latency,0.874873,0.524684,0.725604
