id,mean,std,median
inter_time_arrival,163.529,216.353,5.81175
latency,0.555792,0.242004,0.492675
