id,mean,std,median
inter_time_arrival,502.349,36.0735,499.816
latency,0.751668,0.254336,0.799823
