id,mean,std,median
inter_time_arrival,499.923,0.481602,499.941
latency,3.96444,0.384808,3.83441
