id,mean,std,median
inter_time_arrival,500.108,0.683229,500.005
latency,0.904109,0.59697,0.780006
