id,mean,std,median
inter_time_arrival,500.135,10.7856,501.386
latency,3.41148,0.454106,3.46506
