id,mean,std,median
inter_time_arrival,740.727,728.125,499.284
latency,0.399681,0.156333,0.440182
