id,mean,std,median
inter_time_arrival,193.315,228.776,21.0946
latency,0.933095,0.208185,0.881613
