id,mean,std,median
inter_time_arrival,500.086,9.50651,499.814
latency,1.21178,0.283702,1.15565
