id,mean,std,median
inter_time_arrival,499.946,15.9286,500.013
latency,0.337391,0.0908598,0.297346
