id,mean,std,median
inter_time_arrival,499.864,25.8117,498.88
latency,1.00333,0.499238,0.913379
