id,mean,std,median
inter_time_arrival,499.968,0.309074,499.971
latency,1.09027,0.247127,1.06762
