id,mean,std,median
inter_time_arrival,99.0467,189.535,4.55123
latency,0.553873,0.24246,0.483555
