id,mean,std,median
inter_time_arrival,499.93,0.388012,499.934
latency,0.898372,0.262027,0.892325
