id,mean,std,median
inter_time_arrival,499.959,0.821857,499.984
latency,1.14841,0.518088,1.16327
