id,mean,std,median
inter_time_arrival,500.309,19.9924,500.051
latency,0.31197,0.0691401,0.308338
