id,mean,std,median
inter_time_arrival,500.114,23.6342,499.463
latency,1.13712,0.408479,1.07713
