id,mean,std,median
inter_time_arrival,536.966,130.996,499.982
latency,1.45937,0.402823,1.47122
