id,mean,std,median
inter_time_arrival,499.69,0.68455,499.751
latency,0.423613,0.127989,0.391226
