id,mean,std,median
inter_time_arrival,1996.11,2502.05,780.562
latency,0.279158,0.200567,0.15193
