id,mean,std,median
inter_time_arrival,499.942,0.343729,500.009
latency,0.913928,0.286504,0.907532
