id,mean,std,median
inter_time_arrival,166.657,190.265,42.1983
latency,0.464305,0.111825,0.453474
