id,mean,std,median
inter_time_arrival,498.517,2.69137,498.637
latency,1.22544,0.794231,1.06201
