id,mean,std,median
inter_time_arrival,499.32,1.5533,499.597
latency,0.637331,0.219575,0.546639
