id,mean,std,median
inter_time_arrival,499.374,1.78588,499.678
latency,0.315865,0.229456,0.223675
