id,mean,std,median
inter_time_arrival,249.538,157.688,95.3614
latency,0.493373,0.204583,0.522832
