id,mean,std,median
inter_time_arrival,499.973,1.24017,499.987
latency,2.50698,0.905201,2.34091
