id,mean,std,median
inter_time_arrival,801.588,728.321,500.622
latency,6.83336,0.997617,7.11169
