id,mean,std,median
inter_time_arrival,499.989,59.6985,500.751
latency,0.321305,0.196469,0.28483
