id,mean,std,median
inter_time_arrival,517.227,192.203,499.989
latency,1.69873,0.485968,1.55917
