id,mean,std,median
inter_time_arrival,793.046,765.097,499.986
latency,1.77175,0.780022,1.75774
