id,mean,std,median
inter_time_arrival,121.986,193.245,6.1071
latency,0.298868,0.104141,0.266561
