id,mean,std,median
inter_time_arrival,1706.63,1646.95,1240.65
latency,0.293654,0.253893,0.152949
