id,mean,std,median
inter_time_arrival,166.362,228.563,5.41219
latency,0.44074,0.128739,0.403366
