id,mean,std,median
inter_time_arrival,172.605,208.832,40.3393
latency,0.609536,0.118514,0.590658
