id,mean,std,median
inter_time_arrival,499.874,117.136,499.667
latency,0.589178,0.146022,0.581442
