id,mean,std,median
inter_time_arrival,499.907,124.691,500.021
latency,1.18951,0.708734,0.984805
