id,mean,std,median
inter_time_arrival,162.909,232.528,1.88102
latency,33.3394,123.707,0.256499
