id,mean,std,median
inter_time_arrival,99.3596,192.131,4.1699
latency,0.218554,0.08244,0.207513
