id,mean,std,median
inter_time_arrival,498.122,3.20145,498.512
latency,1.81841,0.894894,1.58317
