id,mean,std,median
inter_time_arrival,500.022,18.6136,499.917
latency,1.06482,0.529471,0.878918
