id,mean,std,median
inter_time_arrival,499.954,0.195763,499.989
latency,0.433657,0.157268,0.402294
