id,mean,std,median
inter_time_arrival,499.715,0.311626,499.77
latency,0.679736,0.120811,0.686789
