id,mean,std,median
inter_time_arrival,500.044,27.0924,499.981
latency,0.484657,0.195648,0.423616
