id,mean,std,median
inter_time_arrival,504.448,56.0695,507.615
latency,0.440638,0.263085,0.538277
