id,mean,std,median
inter_time_arrival,499.987,0.279797,499.99
latency,0.715152,0.190534,0.669046
