id,mean,std,median
inter_time_arrival,498.756,2.13603,498.745
latency,2.10288,0.997695,1.95754
