id,mean,std,median
inter_time_arrival,499.965,0.449893,499.989
latency,1.4834,0.326653,1.41531
