id,mean,std,median
inter_time_arrival,499.665,0.581001,499.75
latency,0.543495,0.255295,0.442407
