id,mean,std,median
inter_time_arrival,99.9952,191.272,4.40272
latency,0.431255,0.171165,0.396466
