id,mean,std,median
inter_time_arrival,499.642,54.6312,500.605
latency,0.534484,0.346327,0.475793
