id,mean,std,median
inter_time_arrival,499.595,0.703212,499.639
latency,0.691923,0.208283,0.643043
