id,mean,std,median
inter_time_arrival,499.135,0.523854,499.21
latency,0.532964,0.148154,0.480694
