id,mean,std,median
inter_time_arrival,172.608,226.416,17.3869
latency,0.624867,0.2423,0.560373
