id,mean,std,median
inter_time_arrival,1167.67,1096.51,883.802
latency,0.233838,0.18193,0.196657
