id,mean,std,median
inter_time_arrival,499.996,0.061149,499.993
latency,0.566758,0.0508498,0.556163
