id,mean,std,median
inter_time_arrival,1000.11,905.677,500.334
latency,0.370073,0.33063,0.219453
