id,mean,std,median
inter_time_arrival,499.995,0.137504,499.964
latency,0.423556,0.064693,0.414209
