id,mean,std,median
inter_time_arrival,499.152,1.61572,499.338
latency,1.91492,0.954014,1.74557
