id,mean,std,median
inter_time_arrival,499.935,0.298831,500.007
latency,0.2896,0.299247,0.167306
