id,mean,std,median
inter_time_arrival,499.328,1.85483,499.073
latency,1.38226,0.654794,1.33076
