id,mean,std,median
inter_time_arrival,499.206,1.83448,499.459
latency,1.70283,0.763948,1.50682
