id,mean,std,median
inter_time_arrival,499.969,0.260678,500.002
latency,0.427943,0.15401,0.41871
