id,mean,std,median
inter_time_arrival,498.706,9.50043,498.798
latency,1.49119,0.817848,1.32148
