id,mean,std,median
inter_time_arrival,499.494,0.817708,499.47
latency,0.939391,0.561537,0.758096
