id,mean,std,median
inter_time_arrival,124.987,213.917,1.4994
latency,0.278338,0.132549,0.277119
