id,mean,std,median
inter_time_arrival,499.971,0.491134,499.996
latency,0.581122,0.293993,0.455172
