id,mean,std,median
inter_time_arrival,249.987,247.029,3.46908
latency,0.629523,0.201649,0.576899
