id,mean,std,median
inter_time_arrival,1343.32,832.625,1213.25
latency,0.110317,0.100014,0.083129
