id,mean,std,median
inter_time_arrival,499.879,0.491144,499.912
latency,3.19508,0.695777,2.99461
