id,mean,std,median
inter_time_arrival,499.4,1.03635,499.621
latency,0.279397,0.192839,0.213133
