id,mean,std,median
inter_time_arrival,499.978,16.4344,499.773
latency,0.444885,0.192088,0.374786
