id,mean,std,median
inter_time_arrival,499.958,0.647604,499.976
latency,1.3504,0.541683,1.20525
