id,mean,std,median
inter_time_arrival,144.504,227.703,7.12201
latency,0.936534,0.185967,0.893214
