id,mean,std,median
inter_time_arrival,254.398,245.164,192.243
latency,0.275437,0.205307,0.250762
