id,mean,std,median
inter_time_arrival,260.192,242.082,320.26
latency,0.312591,0.184892,0.336432
