id,mean,std,median
inter_time_arrival,499.973,88.6992,498.146
latency,1.17177,0.72846,0.909125
