id,mean,std,median
inter_time_arrival,166.327,214.483,18.1754
latency,0.636899,0.176044,0.588192
