id,mean,std,median
inter_time_arrival,124.995,90.2319,82.4746
latency,0.431844,0.0744494,0.421342
