id,mean,std,median
inter_time_arrival,498.481,2.01046,498.475
latency,1.32057,0.642965,0.966181
