id,mean,std,median
inter_time_arrival,124.983,105.872,65.2039
latency,1.96391,3.26719,0.928465
