id,mean,std,median
inter_time_arrival,499.552,0.68409,499.722
latency,0.541509,0.112114,0.506457
