id,mean,std,median
inter_time_arrival,499.853,1.32375,499.79
latency,0.195371,0.0641315,0.183272
