id,mean,std,median
inter_time_arrival,499.759,0.622519,499.822
latency,0.715534,0.267142,0.620052
