id,mean,std,median
inter_time_arrival,499.987,75.3781,497.399
latency,0.19969,0.156093,0.173409
