id,mean,std,median
inter_time_arrival,499.622,0.727632,499.627
latency,0.543665,0.313262,0.4312
