id,mean,std,median
inter_time_arrival,500.088,9.48571,500.121
latency,1.06773,0.210687,1.04744
