id,mean,std,median
inter_time_arrival,500.703,70.2351,506.226
latency,5.77763,0.198567,5.72886
