id,mean,std,median
inter_time_arrival,250.089,244.964,29.0939
latency,0.195489,0.0966452,0.167593
