id,mean,std,median
inter_time_arrival,140.756,111.774,93.2319
latency,0.934244,0.218625,0.89379
