id,mean,std,median
inter_time_arrival,499.806,0.814945,499.973
latency,5.94458,1.15529,5.62328
