id,mean,std,median
inter_time_arrival,499.263,0.813993,499.356
latency,0.62784,0.269642,0.469357
