id,mean,std,median
inter_time_arrival,167.017,209.928,16.3151
latency,0.481414,0.189658,0.413347
