id,mean,std,median
inter_time_arrival,500.527,113.483,499.864
latency,1.35438,0.925506,0.906725
