id,mean,std,median
inter_time_arrival,500.003,12.8209,500.1
latency,0.246794,0.078571,0.232407
