id,mean,std,median
inter_time_arrival,249.984,223.846,26.263
latency,0.410952,0.0937392,0.403457
