id,mean,std,median
inter_time_arrival,499.907,52.895,499.997
latency,0.662921,0.372543,0.477506
