id,mean,std,median
inter_time_arrival,497.779,19.2288,497.896
latency,1.44739,0.723656,1.32775
