id,mean,std,median
inter_time_arrival,498.672,2.89437,498.855
latency,1.51745,0.895366,1.28209
