id,mean,std,median
inter_time_arrival,499.192,1.51889,499.001
latency,1.15043,0.735231,0.887555
