id,mean,std,median
inter_time_arrival,507.488,163.928,498.939
latency,1.29597,0.870417,0.85693
