id,mean,std,median
inter_time_arrival,166.541,223.679,8.61901
latency,0.508624,0.783149,0.40537
