id,mean,std,median
inter_time_arrival,162.852,211.101,15.866
latency,0.523013,0.163852,0.481699
