id,mean,std,median
inter_time_arrival,498.967,7.50502,498.862
latency,1.00444,0.442049,0.787107
