id,mean,std,median
inter_time_arrival,163.036,208.017,10.3819
latency,0.326876,0.116327,0.297442
