id,mean,std,median
inter_time_arrival,499.691,0.483856,499.727
latency,0.750815,0.249314,0.656569
