id,mean,std,median
inter_time_arrival,499.68,0.614115,499.594
latency,1.07226,0.342791,0.950652
