id,mean,std,median
inter_time_arrival,498.903,2.85171,498.949
latency,0.674709,0.341285,0.583387
