id,mean,std,median
inter_time_arrival,499.971,0.35475,499.981
latency,1.09791,0.207078,1.06726
