id,mean,std,median
inter_time_arrival,500.129,9.91366,500.2
latency,0.758733,0.367644,0.787683
