id,mean,std,median
inter_time_arrival,499.968,10.0454,499.799
latency,0.645424,0.261925,0.655996
