id,mean,std,median
inter_time_arrival,166.41,175.774,81.0162
latency,0.521412,0.0994097,0.524675
