id,mean,std,median
inter_time_arrival,499.994,0.388574,499.908
latency,0.824542,0.244035,0.811747
