id,mean,std,median
inter_time_arrival,1273.12,634.976,1005.98
latency,1.38417,0.537522,1.17117
