id,mean,std,median
inter_time_arrival,499.934,0.902429,499.989
latency,1.84723,0.643613,1.71982
