id,mean,std,median
inter_time_arrival,499.953,1.08949,500.006
latency,3.43032,0.337214,3.42667
