id,mean,std,median
inter_time_arrival,499.963,0.331885,499.965
latency,0.828825,0.239969,0.718343
