id,mean,std,median
inter_time_arrival,499.517,0.941571,499.572
latency,1.5855,0.459475,1.54122
