id,mean,std,median
inter_time_arrival,499.637,8.33164,499.461
latency,0.633095,0.276782,0.588706
