id,mean,std,median
inter_time_arrival,500.171,23.384,500.298
latency,0.975728,0.207329,0.939266
