id,mean,std,median
inter_time_arrival,499.326,1.82236,499.371
latency,0.569574,0.254796,0.521108
