id,mean,std,median
inter_time_arrival,499.311,1.26239,499.308
latency,1.45629,0.739203,1.40408
