id,mean,std,median
inter_time_arrival,498.808,2.01327,499.439
latency,1.73943,0.874099,1.56862
