id,mean,std,median
inter_time_arrival,499.97,0.156987,499.981
latency,0.603041,0.121903,0.568734
