id,mean,std,median
inter_time_arrival,499.949,0.302481,499.983
latency,1.63461,0.253583,1.53419
