id,mean,std,median
inter_time_arrival,500.597,113.983,499.868
latency,1.73213,0.663519,1.48775
