id,mean,std,median
inter_time_arrival,1090.78,925.604,879.954
latency,1.06418,0.642001,0.666152
