id,mean,std,median
inter_time_arrival,499.89,0.455085,499.989
latency,5.38321,0.644734,5.20716
