id,mean,std,median
inter_time_arrival,499.969,9.16797,499.743
latency,1.66777,0.769405,1.56068
