id,mean,std,median
inter_time_arrival,126.088,67.8592,146.273
latency,0.482913,0.077333,0.474981
