id,mean,std,median
inter_time_arrival,499.973,78.3344,500.495
latency,1.07072,0.542683,0.89943
