id,mean,std,median
inter_time_arrival,169.937,230.488,5.68335
latency,0.768622,0.997547,0.509622
