id,mean,std,median
inter_time_arrival,502.08,37.7052,500.211
latency,0.496964,0.216837,0.42221
