id,mean,std,median
inter_time_arrival,499.974,0.532557,499.954
latency,1.52648,0.358395,1.42372
