id,mean,std,median
inter_time_arrival,97.4361,182.179,5.02226
latency,0.30661,0.109194,0.269569
