id,mean,std,median
inter_time_arrival,499.943,0.524656,499.986
latency,2.14828,0.41252,1.99986
