id,mean,std,median
inter_time_arrival,499.981,8.73042,499.986
latency,0.705781,0.247923,0.619697
