id,mean,std,median
inter_time_arrival,1663.81,1665.32,1126.77
latency,0.337422,0.307253,0.155852
