id,mean,std,median
inter_time_arrival,499.6,159.002,499.584
latency,0.560411,0.160027,0.503556
