id,mean,std,median
inter_time_arrival,499.744,0.982659,499.891
latency,0.656722,0.459881,0.54741
