id,mean,std,median
inter_time_arrival,100.53,60.3406,122.603
latency,0.526625,0.144876,0.505517
