id,mean,std,median
inter_time_arrival,77.2557,107.846,31.2029
latency,0.75448,0.551417,0.592824
