id,mean,std,median
inter_time_arrival,499.999,29.3991,500.063
latency,1.05808,0.267686,0.982468
