id,mean,std,median
inter_time_arrival,499.684,0.533242,499.664
latency,0.697401,0.260949,0.637085
