id,mean,std,median
inter_time_arrival,499.784,0.609879,499.82
latency,0.408001,0.158511,0.377665
