id,mean,std,median
inter_time_arrival,124.976,203.899,7.91956
latency,0.189595,0.0268226,0.193551
