id,mean,std,median
inter_time_arrival,508.498,179.746,500.352
latency,7.09695,0.940865,6.76867
