id,mean,std,median
inter_time_arrival,499.977,0.318852,500.016
latency,1.53293,0.202482,1.54061
