id,mean,std,median
inter_time_arrival,499.939,0.470971,499.963
latency,1.98402,0.434785,1.96522
