id,mean,std,median
inter_time_arrival,498.733,1.00438,498.806
latency,0.58881,0.361107,0.452886
