id,mean,std,median
inter_time_arrival,499.261,15.814,499.336
latency,0.705394,0.548309,0.529407
