id,mean,std,median
inter_time_arrival,499.987,44.1365,499.948
latency,0.837725,0.527085,0.578659
