id,mean,std,median
inter_time_arrival,499.995,0.245516,499.978
latency,0.575925,0.154367,0.547756
