id,mean,std,median
inter_time_arrival,166.658,194.679,37.7561
latency,0.660839,0.218235,0.586372
