id,mean,std,median
inter_time_arrival,1350.4,1103.06,1114.03
latency,0.238519,0.153947,0.208131
