id,mean,std,median
inter_time_arrival,499.339,1.81922,499.771
latency,1.07229,0.574367,0.923717
