id,mean,std,median
inter_time_arrival,499.977,106.296,499.991
latency,0.360179,0.162646,0.293986
