id,mean,std,median
inter_time_arrival,499.773,0.507192,499.785
latency,0.494589,0.11111,0.44928
