id,mean,std,median
inter_time_arrival,499.969,0.938294,499.992
latency,1.25937,0.607804,1.01387
