id,mean,std,median
inter_time_arrival,499.999,0.488345,499.999
latency,0.75044,0.21404,0.70618
