id,mean,std,median
inter_time_arrival,499.997,0.377044,499.993
latency,0.727665,0.258317,0.647299
