id,mean,std,median
inter_time_arrival,123.16,196.713,12.2914
latency,0.174092,0.053021,0.163489
