id,mean,std,median
inter_time_arrival,819.254,569.284,501.849
latency,0.120412,0.100696,0.079621
