id,mean,std,median
inter_time_arrival,1624.98,2000.6,743.213
latency,0.381616,0.298472,0.205627
