id,mean,std,median
inter_time_arrival,500.084,0.986125,500.113
latency,2.3997,0.754738,2.39348
