id,mean,std,median
inter_time_arrival,499.954,0.406824,499.963
latency,1.96064,0.338123,1.97124
