id,mean,std,median
inter_time_arrival,499.961,1.54672,499.966
latency,2.29986,0.989462,1.99686
