id,mean,std,median
inter_time_arrival,1485.75,2059.33,588.031
latency,1.28467,0.727404,1.48107
