id,mean,std,median
inter_time_arrival,500.281,7.04572,500.027
latency,0.339945,0.185516,0.300546
