id,mean,std,median
inter_time_arrival,499.976,28.9673,499.95
latency,0.516208,0.240501,0.46822
