id,mean,std,median
inter_time_arrival,499.954,54.7959,499.994
latency,0.83166,0.592665,0.525666
