id,mean,std,median
inter_time_arrival,1457.78,1813.58,572.17
latency,0.309396,0.207626,0.316679
