id,mean,std,median
inter_time_arrival,500.023,0.625797,500.185
latency,1.1703,0.455329,1.09306
