id,mean,std,median
inter_time_arrival,499.964,0.896559,499.985
latency,1.89566,0.633606,1.80705
