id,mean,std,median
inter_time_arrival,499.963,0.74936,499.987
latency,1.92763,0.388507,1.96761
