id,mean,std,median
inter_time_arrival,499.057,6.50886,499.713
latency,0.452071,0.293715,0.290025
