id,mean,std,median
inter_time_arrival,499.961,0.477231,499.988
latency,1.97292,0.264893,1.95731
