id,mean,std,median
inter_time_arrival,166.657,220.825,14.4011
latency,0.358794,0.0840506,0.351713
