id,mean,std,median
inter_time_arrival,499.917,0.826012,499.896
latency,2.24528,0.713815,2.17861
