id,mean,std,median
inter_time_arrival,499.346,1.01481,499.407
latency,0.871422,0.535043,0.709671
