id,mean,std,median
inter_time_arrival,499.959,44.2219,499.956
latency,0.547875,0.561155,0.346593
