id,mean,std,median
inter_time_arrival,499.994,0.067227,499.988
latency,0.509672,0.0418524,0.511715
