id,mean,std,median
inter_time_arrival,500.558,113.402,499.817
latency,1.52661,0.667823,1.28583
