id,mean,std,median
inter_time_arrival,97.7943,161.821,21.1711
latency,0.524668,0.21394,0.456386
