id,mean,std,median
inter_time_arrival,499.995,21.7963,499.994
latency,0.285971,0.101981,0.251585
