id,mean,std,median
inter_time_arrival,1350.88,1076.46,1314.97
latency,0.148004,0.112115,0.102489
