id,mean,std,median
inter_time_arrival,499.954,0.574557,499.999
latency,1.3952,0.311425,1.42508
