id,mean,std,median
inter_time_arrival,499.999,23.1942,500.008
latency,1.92679,0.396637,2.02632
