id,mean,std,median
inter_time_arrival,498.633,1.29208,498.896
latency,1.0375,0.304821,0.934565
