id,mean,std,median
inter_time_arrival,499.004,0.787133,499.135
latency,0.798947,0.592506,0.555638
