id,mean,std,median
inter_time_arrival,500.119,29.5574,499.812
latency,1.04805,0.40582,0.856385
