id,mean,std,median
inter_time_arrival,102.828,90.3526,41.1508
latency,0.513143,0.126894,0.497215
