id,mean,std,median
inter_time_arrival,124.061,200.488,4.89225
latency,0.385667,0.149612,0.349826
