id,mean,std,median
inter_time_arrival,499.857,0.291793,499.87
latency,0.654627,0.210874,0.641341
