id,mean,std,median
inter_time_arrival,124.994,191.957,9.6811
latency,0.364874,0.0744726,0.354594
