id,mean,std,median
inter_time_arrival,502.082,37.7372,500.044
latency,0.273951,0.167251,0.224513
