id,mean,std,median
inter_time_arrival,499.992,0.491542,499.98
latency,1.95676,0.486063,1.93169
