id,mean,std,median
inter_time_arrival,498.926,1.17672,498.632
latency,1.05035,0.729544,0.673893
