id,mean,std,median
inter_time_arrival,499.999,0.582639,499.999
latency,1.80048,0.50081,1.73356
