id,mean,std,median
inter_time_arrival,499.956,54.5203,499.791
latency,1.08624,0.860514,0.771428
