id,mean,std,median
inter_time_arrival,501.589,92.3698,500.03
latency,0.774027,0.548157,0.459138
