id,mean,std,median
inter_time_arrival,499.998,0.183031,499.997
latency,0.558527,0.13582,0.507588
