id,mean,std,median
inter_time_arrival,569.865,301.817,500.232
latency,0.254407,0.137807,0.227792
