id,mean,std,median
inter_time_arrival,1669.48,1592.34,1038.82
latency,2.44277,0.985018,1.87417
