id,mean,std,median
inter_time_arrival,507.294,102.758,499.481
latency,1.74598,0.650862,1.65271
