id,mean,std,median
inter_time_arrival,499.958,0.447432,499.994
latency,0.577274,0.280432,0.491176
