id,mean,std,median
inter_time_arrival,499.959,0.790044,499.913
latency,1.12796,0.448471,1.0362
