id,mean,std,median
inter_time_arrival,499.955,0.667971,500.016
latency,1.2217,0.551059,1.29595
