id,mean,std,median
inter_time_arrival,499.404,1.16275,499.389
latency,1.11842,0.708218,0.974639
