id,mean,std,median
inter_time_arrival,499.986,0.0791583,499.994
latency,0.498396,0.0571206,0.478786
