id,mean,std,median
inter_time_arrival,500.379,12.9333,499.938
latency,0.460398,0.305454,0.344002
