id,mean,std,median
inter_time_arrival,499.581,1.12422,499.659
latency,1.35725,0.671393,1.14234
