id,mean,std,median
inter_time_arrival,499.965,0.282707,500.002
latency,0.668252,0.21564,0.573939
