id,mean,std,median
inter_time_arrival,499.997,0.149462,500.008
latency,0.534978,0.0986014,0.502768
