id,mean,std,median
inter_time_arrival,499.324,0.726732,499.228
latency,1.03447,0.534915,0.775076
