id,mean,std,median
inter_time_arrival,517.208,192.248,499.257
latency,1.76044,0.645942,1.79559
