id,mean,std,median
inter_time_arrival,499.969,0.699167,499.979
latency,0.907321,0.424176,0.850375
