id,mean,std,median
inter_time_arrival,500.559,113.635,499.707
latency,2.02704,0.616432,1.90571
