id,mean,std,median
inter_time_arrival,499.981,0.389643,500.024
latency,0.807892,0.27658,0.678368
