id,mean,std,median
inter_time_arrival,499.968,45.0389,500.577
latency,1.17561,0.940154,0.677381
