id,mean,std,median
inter_time_arrival,499.998,13.4031,500.2
latency,0.289914,0.275664,0.232625
