id,mean,std,median
inter_time_arrival,499.982,0.258066,499.998
latency,0.699322,0.130883,0.67548
