id,mean,std,median
inter_time_arrival,309.353,250.279,497.718
latency,0.305907,0.198748,0.337019
