id,mean,std,median
inter_time_arrival,499.985,0.519155,500.003
latency,0.77365,0.419479,0.517067
