id,mean,std,median
inter_time_arrival,499.828,0.267134,499.835
latency,0.413415,0.0811871,0.387844
