id,mean,std,median
inter_time_arrival,1172.4,1144.55,631.789
latency,0.347132,0.317691,0.199229
