id,mean,std,median
inter_time_arrival,499.976,0.296543,500.003
latency,0.776844,0.218088,0.721507
