id,mean,std,median
inter_time_arrival,499.992,65.1345,499.917
latency,0.389836,0.185672,0.387977
