id,mean,std,median
inter_time_arrival,499.345,1.05329,499.475
latency,0.955284,0.362289,0.829924
