id,mean,std,median
inter_time_arrival,499.966,0.608976,499.943
latency,1.08799,0.389254,0.885186
