id,mean,std,median
inter_time_arrival,499.623,2.87879,499.826
latency,0.78619,0.484833,0.594147
