id,mean,std,median
inter_time_arrival,100.817,183.556,5.16344
latency,0.455767,0.242162,0.368161
