id,mean,std,median
inter_time_arrival,510.943,114.428,497.744
latency,1.40259,0.703284,1.32109
