id,mean,std,median
inter_time_arrival,500.002,0.339411,500.027
latency,0.483382,0.238666,0.410653
