id,mean,std,median
inter_time_arrival,499.216,1.54849,499.202
latency,1.46063,0.847567,1.20945
