id,mean,std,median
inter_time_arrival,103.243,199.43,1.57202
latency,0.471026,0.417221,0.35094
