id,mean,std,median
inter_time_arrival,498.769,1.48702,499.236
latency,0.890914,0.277643,0.778978
