id,mean,std,median
inter_time_arrival,498.254,17.1861,498.388
latency,0.871402,0.359048,0.808835
