id,mean,std,median
inter_time_arrival,499.784,0.488596,499.67
latency,0.852728,0.255895,0.830623
