id,mean,std,median
inter_time_arrival,1241.41,1404.84,500.058
latency,0.520916,0.404864,0.493636
