id,mean,std,median
inter_time_arrival,500.006,0.903377,500.031
latency,1.51121,0.577902,1.49927
