id,mean,std,median
inter_time_arrival,1269.84,2357.35,500.071
latency,1.50101,0.683152,1.74141
