id,mean,std,median
inter_time_arrival,518.438,94.4569,499.927
latency,2.05623,0.475063,1.96538
