id,mean,std,median
inter_time_arrival,102.097,199.318,1.18544
latency,1.27075,0.302166,1.24869
