id,mean,std,median
inter_time_arrival,499.745,0.811898,499.883
latency,0.751127,0.404057,0.602425
