id,mean,std,median
inter_time_arrival,499.974,0.617293,500.062
latency,0.693072,0.342987,0.693441
