id,mean,std,median
inter_time_arrival,499.874,0.671663,499.997
latency,2.25785,0.580586,2.06436
