id,mean,std,median
inter_time_arrival,499.006,22.4846,499.386
latency,1.02798,0.694987,0.741254
