id,mean,std,median
inter_time_arrival,499.669,0.947275,499.52
latency,0.836453,0.530328,0.718956
