id,mean,std,median
inter_time_arrival,164.964,218.206,10.6231
latency,0.33533,0.419081,0.257698
