id,mean,std,median
inter_time_arrival,499.635,8.40732,499.909
latency,0.599035,0.336047,0.49405
