id,mean,std,median
inter_time_arrival,1122.32,895.792,731.734
latency,0.209567,0.137459,0.200057
