id,mean,std,median
inter_time_arrival,499.185,1.36122,499.389
latency,1.77096,0.818828,1.63863
