id,mean,std,median
inter_time_arrival,99.9914,175.276,4.18037
latency,0.532102,0.14623,0.524098
