id,mean,std,median
inter_time_arrival,499.963,16.4179,500.044
latency,0.573197,0.292543,0.444929
