id,mean,std,median
inter_time_arrival,499.274,0.58544,499.24
latency,0.652986,0.281687,0.53711
