id,mean,std,median
inter_time_arrival,499.653,1.01199,499.663
latency,1.21667,0.600105,1.13209
