id,mean,std,median
inter_time_arrival,499.964,0.164518,499.993
latency,1.32289,0.179309,1.27729
