id,mean,std,median
inter_time_arrival,498.103,1.80883,498.361
latency,2.09168,0.780517,2.02657
