id,mean,std,median
inter_time_arrival,500.531,15.9625,499.974
latency,0.26547,0.0991521,0.252033
