id,mean,std,median
inter_time_arrival,533.679,154.135,498.245
latency,1.32002,0.600748,1.24599
