id,mean,std,median
inter_time_arrival,499.962,0.311819,500.005
latency,0.956631,0.210567,0.929708
